,Home_Team,Away_Team,Result,Link,Season,Round,League,Number_teams,Total_rounds,Home_Goals,Away_Goals,Label,Elo_home,Elo_away,Total_Streak_Home_Team,Total_Streak_Away_Team,Streak_When_Home,Streak_When_Away,Total_Wins_Home_Team,Total_Draws_Home_Team,Total_Loss_Home_Team,Total_Wins_Away_Team,Total_Draws_Away_Team,Total_Loss_Away_Team,Wins_When_Home,Draws_When_Home,Losses_When_Home,Wins_When_Away,Draws_When_Away,Losses_When_Away,Points_Home,Points_Away,Position_Home,Position_Away,Total_Goals_For_Home_Team,Total_Goals_Against_Home_Team,Total_Goals_For_Away_Team,Total_Goals_Against_Away_Team
0,Liverpool,Norwich City,4-1,https://www.besoccer.com/match/liverpool/norwich-city-fc/20208888,2020,1,premier_league,20,38,4,1,1,97.0,72.0,0.0,0.0,0.0,0.0,0.0,0.0,0.0,0.0,0.0,0.0,0.0,0.0,0.0,0.0,0.0,0.0,0.0,0.0,0.0,0.0,0.0,0.0,0.0,0.0
1,West Ham,Man. City,0-5,https://www.besoccer.com/match/west-ham-united/manchester-city-fc/20208889,2020,1,premier_league,20,38,0,5,-1,77.0,97.0,0.0,0.0,0.0,0.0,0.0,0.0,0.0,0.0,0.0,0.0,0.0,0.0,0.0,0.0,0.0,0.0,0.0,0.0,0.0,0.0,0.0,0.0,0.0,0.0
2,AFC Bournemouth,Sheffield United,1-1,https://www.besoccer.com/match/afc-bournemouth/sheffield-united/20208890,2020,1,premier_league,20,38,1,1,0,72.0,66.0,0.0,0.0,0.0,0.0,0.0,0.0,0.0,0.0,0.0,0.0,0.0,0.0,0.0,0.0,0.0,0.0,0.0,0.0,0.0,0.0,0.0,0.0,0.0,0.0
3,Burnley,Southampton,3-0,https://www.besoccer.com/match/burnley-fc/southampton-fc/20208891,2020,1,premier_league,20,38,3,0,1,73.0,77.0,0.0,0.0,0.0,0.0,0.0,0.0,0.0,0.0,0.0,0.0,0.0,0.0,0.0,0.0,0.0,0.0,0.0,0.0,0.0,0.0,0.0,0.0,0.0,0.0
4,Crystal Palace,Everton,0-0,https://www.besoccer.com/match/crystal-palace-fc/everton-fc/20208892,2020,1,premier_league,20,38,0,0,0,77.0,79.0,0.0,0.0,0.0,0.0,0.0,0.0,0.0,0.0,0.0,0.0,0.0,0.0,0.0,0.0,0.0,0.0,0.0,0.0,0.0,0.0,0.0,0.0,0.0,0.0
5,Watford,Brighton & Hove Albion,0-3,https://www.besoccer.com/match/watford-fc/brighton-amp-hov/20208899,2020,1,premier_league,20,38,0,3,-1,75.0,67.0,0.0,0.0,0.0,0.0,0.0,0.0,0.0,0.0,0.0,0.0,0.0,0.0,0.0,0.0,0.0,0.0,0.0,0.0,0.0,0.0,0.0,0.0,0.0,0.0
6,Tottenham Hotspur,Aston Villa,3-1,https://www.besoccer.com/match/tottenham-hotspur-fc/aston-villa-fc/20208900,2020,1,premier_league,20,38,3,1,1,92.0,72.0,0.0,0.0,0.0,0.0,0.0,0.0,0.0,0.0,0.0,0.0,0.0,0.0,0.0,0.0,0.0,0.0,0.0,0.0,0.0,0.0,0.0,0.0,0.0,0.0
7,Leicester,Wolves,0-0,https://www.besoccer.com/match/leicester-city-fc/wolverhampton/20208898,2020,1,premier_league,20,38,0,0,0,81.0,70.0,0.0,0.0,0.0,0.0,0.0,0.0,0.0,0.0,0.0,0.0,0.0,0.0,0.0,0.0,0.0,0.0,0.0,0.0,0.0,0.0,0.0,0.0,0.0,0.0
8,Newcastle,Arsenal,0-1,https://www.besoccer.com/match/newcastle-united-fc/arsenal/20208901,2020,1,premier_league,20,38,0,1,-1,72.0,91.0,0.0,0.0,0.0,0.0,0.0,0.0,0.0,0.0,0.0,0.0,0.0,0.0,0.0,0.0,0.0,0.0,0.0,0.0,0.0,0.0,0.0,0.0,0.0,0.0
9,Man. Utd,Chelsea,4-0,https://www.besoccer.com/match/manchester-united-fc/chelsea-fc/20208902,2020,1,premier_league,20,38,4,0,1,92.0,92.0,0.0,0.0,0.0,0.0,0.0,0.0,0.0,0.0,0.0,0.0,0.0,0.0,0.0,0.0,0.0,0.0,0.0,0.0,0.0,0.0,0.0,0.0,0.0,0.0
10,Arsenal,Burnley,2-1,https://www.besoccer.com/match/arsenal/burnley-fc/20208913,2020,2,premier_league,20,38,2,1,1,91.0,72.0,1.0,1.0,0.0,0.0,1.0,0.0,0.0,1.0,0.0,0.0,0.0,0.0,0.0,0.0,0.0,0.0,3.0,3.0,0.0,0.0,1.0,0.0,3.0,0.0
11,Aston Villa,AFC Bournemouth,1-2,https://www.besoccer.com/match/aston-villa-fc/afc-bournemouth/20208914,2020,2,premier_league,20,38,1,2,-1,73.0,72.0,0.0,0.0,0.0,0.0,0.0,0.0,1.0,0.0,1.0,0.0,0.0,0.0,0.0,0.0,0.0,0.0,0.0,1.0,17.0,8.0,1.0,3.0,1.0,1.0
12,Brighton & Hove Albion,West Ham,1-1,https://www.besoccer.com/match/brighton-amp-hov/west-ham-united/20208915,2020,2,premier_league,20,38,1,1,0,68.0,77.0,1.0,0.0,0.0,0.0,1.0,0.0,0.0,0.0,0.0,1.0,0.0,0.0,0.0,0.0,0.0,0.0,3.0,0.0,6.0,14.0,3.0,0.0,0.0,5.0
13,Everton,Watford,1-0,https://www.besoccer.com/match/everton-fc/watford-fc/20208917,2020,2,premier_league,20,38,1,0,1,79.0,75.0,0.0,0.0,0.0,0.0,0.0,1.0,0.0,0.0,0.0,1.0,0.0,0.0,0.0,0.0,0.0,0.0,1.0,0.0,11.0,15.0,0.0,0.0,0.0,3.0
14,Norwich City,Newcastle,3-1,https://www.besoccer.com/match/norwich-city-fc/newcastle-united-fc/20208919,2020,2,premier_league,20,38,3,1,1,72.0,72.0,0.0,0.0,0.0,0.0,0.0,0.0,1.0,0.0,0.0,1.0,0.0,0.0,0.0,0.0,0.0,0.0,0.0,0.0,18.0,16.0,1.0,4.0,0.0,1.0
15,Southampton,Liverpool,1-2,https://www.besoccer.com/match/southampton-fc/liverpool/20208921,2020,2,premier_league,20,38,1,2,-1,76.0,97.0,0.0,1.0,0.0,0.0,0.0,0.0,1.0,1.0,0.0,0.0,0.0,0.0,0.0,0.0,0.0,0.0,0.0,3.0,19.0,5.0,0.0,3.0,4.0,1.0
16,Man. City,Tottenham Hotspur,2-2,https://www.besoccer.com/match/manchester-city-fc/tottenham-hotspur-fc/20208918,2020,2,premier_league,20,38,2,2,0,97.0,92.0,1.0,1.0,0.0,0.0,1.0,0.0,0.0,1.0,0.0,0.0,0.0,0.0,0.0,0.0,0.0,0.0,3.0,3.0,10.0,7.0,5.0,0.0,3.0,1.0
17,Sheffield United,Crystal Palace,1-0,https://www.besoccer.com/match/sheffield-united/crystal-palace-fc/20208920,2020,2,premier_league,20,38,1,0,1,66.0,75.0,0.0,0.0,0.0,0.0,0.0,1.0,0.0,0.0,1.0,0.0,0.0,0.0,0.0,0.0,0.0,0.0,1.0,1.0,14.0,12.0,1.0,1.0,0.0,0.0
18,Chelsea,Leicester,1-1,https://www.besoccer.com/match/chelsea-fc/leicester-city-fc/20208916,2020,2,premier_league,20,38,1,1,0,91.0,81.0,0.0,0.0,0.0,0.0,0.0,0.0,1.0,0.0,1.0,0.0,0.0,0.0,0.0,0.0,0.0,0.0,0.0,1.0,20.0,13.0,0.0,4.0,0.0,0.0
19,Wolves,Man. Utd,1-1,https://www.besoccer.com/match/wolverhampton/manchester-united-fc/20208922,2020,2,premier_league,20,38,1,1,0,70.0,92.0,0.0,1.0,0.0,0.0,0.0,1.0,0.0,1.0,0.0,0.0,0.0,0.0,0.0,0.0,0.0,0.0,1.0,3.0,15.0,10.0,0.0,0.0,4.0,0.0
20,Aston Villa,Everton,2-0,https://www.besoccer.com/match/aston-villa-fc/everton-fc/20208923,2020,3,premier_league,20,38,2,0,1,73.0,79.0,0.0,1.0,0.0,0.0,0.0,0.0,2.0,1.0,1.0,0.0,0.0,0.0,1.0,0.0,1.0,0.0,0.0,4.0,19.0,6.0,2.0,5.0,1.0,0.0
21,Norwich City,Chelsea,2-3,https://www.besoccer.com/match/norwich-city-fc/chelsea-fc/20208928,2020,3,premier_league,20,38,2,3,-1,72.0,91.0,1.0,0.0,1.0,0.0,1.0,0.0,1.0,0.0,1.0,1.0,1.0,0.0,0.0,0.0,0.0,1.0,3.0,1.0,11.0,16.0,4.0,5.0,1.0,5.0
22,Brighton & Hove Albion,Southampton,0-2,https://www.besoccer.com/match/brighton-amp-hov/southampton-fc/20208925,2020,3,premier_league,20,38,0,2,-1,67.0,77.0,0.0,0.0,0.0,0.0,1.0,1.0,0.0,0.0,0.0,2.0,0.0,1.0,0.0,0.0,0.0,1.0,4.0,0.0,6.0,20.0,4.0,1.0,1.0,5.0
23,Man. Utd,Crystal Palace,1-2,https://www.besoccer.com/match/manchester-united-fc/crystal-palace-fc/20208927,2020,3,premier_league,20,38,1,2,-1,93.0,74.0,0.0,0.0,1.0,0.0,1.0,1.0,0.0,0.0,1.0,1.0,1.0,0.0,0.0,0.0,0.0,1.0,4.0,1.0,5.0,17.0,5.0,1.0,0.0,1.0
24,Sheffield United,Leicester,1-2,https://www.besoccer.com/match/sheffield-united/leicester-city-fc/20208929,2020,3,premier_league,20,38,1,2,-1,67.0,81.0,1.0,0.0,1.0,0.0,1.0,1.0,0.0,0.0,2.0,0.0,1.0,0.0,0.0,0.0,1.0,0.0,4.0,2.0,9.0,15.0,2.0,1.0,1.0,1.0
25,Watford,West Ham,1-3,https://www.besoccer.com/match/watford-fc/west-ham-united/20208931,2020,3,premier_league,20,38,1,3,-1,75.0,76.0,0.0,0.0,0.0,0.0,0.0,0.0,2.0,0.0,1.0,1.0,0.0,0.0,1.0,0.0,1.0,0.0,0.0,1.0,19.0,18.0,0.0,4.0,1.0,6.0
26,Liverpool,Arsenal,3-1,https://www.besoccer.com/match/liverpool/arsenal/20208926,2020,3,premier_league,20,38,3,1,1,96.0,92.0,2.0,2.0,1.0,1.0,2.0,0.0,0.0,2.0,0.0,0.0,1.0,0.0,0.0,1.0,0.0,0.0,6.0,6.0,1.0,2.0,6.0,2.0,3.0,1.0
27,AFC Bournemouth,Man. City,1-3,https://www.besoccer.com/match/afc-bournemouth/manchester-city-fc/20208924,2020,3,premier_league,20,38,1,3,-1,72.0,97.0,1.0,0.0,0.0,1.0,1.0,1.0,0.0,1.0,1.0,0.0,0.0,1.0,0.0,1.0,0.0,0.0,4.0,4.0,5.0,11.0,3.0,2.0,7.0,2.0
28,Tottenham Hotspur,Newcastle,0-1,https://www.besoccer.com/match/tottenham-hotspur-fc/newcastle-united-fc/20208930,2020,3,premier_league,20,38,0,1,-1,92.0,72.0,0.0,0.0,1.0,0.0,1.0,1.0,0.0,0.0,0.0,2.0,1.0,0.0,0.0,0.0,0.0,1.0,4.0,0.0,7.0,20.0,5.0,3.0,1.0,4.0
29,Wolves,Burnley,1-1,https://www.besoccer.com/match/wolverhampton/burnley-fc/20208932,2020,3,premier_league,20,38,1,1,0,71.0,71.0,0.0,0.0,0.0,0.0,0.0,2.0,0.0,1.0,0.0,1.0,0.0,1.0,0.0,0.0,0.0,1.0,2.0,3.0,18.0,14.0,1.0,1.0,4.0,2.0
30,Southampton,Man. Utd,1-1,https://www.besoccer.com/match/southampton-fc/manchester-united-fc/20208941,2020,4,premier_league,20,38,1,1,0,78.0,93.0,1.0,0.0,0.0,0.0,1.0,0.0,2.0,1.0,1.0,1.0,0.0,0.0,1.0,0.0,1.0,0.0,3.0,4.0,18.0,9.0,3.0,5.0,6.0,3.0
31,Chelsea,Sheffield United,2-2,https://www.besoccer.com/match/chelsea-fc/sheffield-united/20208935,2020,4,premier_league,20,38,2,2,0,91.0,67.0,1.0,0.0,0.0,0.0,1.0,1.0,1.0,1.0,1.0,1.0,0.0,1.0,0.0,0.0,1.0,0.0,4.0,4.0,14.0,13.0,4.0,7.0,3.0,3.0
32,Crystal Palace,Aston Villa,1-0,https://www.besoccer.com/match/crystal-palace-fc/aston-villa-fc/20208936,2020,4,premier_league,20,38,1,0,1,75.0,74.0,1.0,1.0,0.0,0.0,1.0,1.0,1.0,1.0,0.0,2.0,0.0,1.0,0.0,0.0,0.0,1.0,4.0,3.0,9.0,17.0,2.0,2.0,4.0,5.0
33,Leicester,AFC Bournemouth,3-1,https://www.besoccer.com/match/leicester-city-fc/afc-bournemouth/20208938,2020,4,premier_league,20,38,3,1,1,81.0,72.0,1.0,0.0,0.0,1.0,1.0,2.0,0.0,1.0,1.0,1.0,0.0,1.0,0.0,1.0,0.0,0.0,5.0,4.0,4.0,9.0,3.0,2.0,4.0,5.0
34,Man. City,Brighton & Hove Albion,4-0,https://www.besoccer.com/match/manchester-city-fc/brighton-amp-hov/20208939,2020,4,premier_league,20,38,4,0,1,97.0,68.0,1.0,0.0,0.0,1.0,2.0,1.0,0.0,1.0,1.0,1.0,0.0,1.0,0.0,1.0,0.0,0.0,7.0,4.0,3.0,13.0,10.0,3.0,4.0,3.0
35,Newcastle,Watford,1-1,https://www.besoccer.com/match/newcastle-united-fc/watford-fc/20208940,2020,4,premier_league,20,38,1,1,0,72.0,75.0,1.0,0.0,0.0,0.0,1.0,0.0,2.0,0.0,0.0,3.0,0.0,0.0,1.0,0.0,0.0,1.0,3.0,0.0,16.0,20.0,2.0,4.0,1.0,7.0
36,West Ham,Norwich City,2-0,https://www.besoccer.com/match/west-ham-united/norwich-city-fc/20208942,2020,4,premier_league,20,38,2,0,1,77.0,72.0,1.0,0.0,0.0,0.0,1.0,1.0,1.0,1.0,0.0,2.0,0.0,0.0,1.0,0.0,0.0,1.0,4.0,3.0,9.0,18.0,4.0,7.0,6.0,8.0
37,Burnley,Liverpool,0-3,https://www.besoccer.com/match/burnley-fc/liverpool/20208934,2020,4,premier_league,20,38,0,3,-1,72.0,95.0,0.0,3.0,1.0,1.0,1.0,1.0,1.0,3.0,0.0,0.0,1.0,0.0,0.0,1.0,0.0,0.0,4.0,9.0,11.0,2.0,5.0,3.0,9.0,3.0
38,Everton,Wolves,3-2,https://www.besoccer.com/match/everton-fc/wolverhampton/20208937,2020,4,premier_league,20,38,3,2,1,78.0,71.0,0.0,0.0,1.0,0.0,1.0,1.0,1.0,0.0,3.0,0.0,1.0,0.0,0.0,0.0,1.0,0.0,4.0,3.0,15.0,19.0,1.0,2.0,2.0,2.0
39,Arsenal,Tottenham Hotspur,2-2,https://www.besoccer.com/match/arsenal/tottenham-hotspur-fc/20208933,2020,4,premier_league,20,38,2,2,0,91.0,92.0,0.0,0.0,1.0,0.0,2.0,0.0,1.0,1.0,1.0,1.0,1.0,0.0,0.0,0.0,1.0,0.0,6.0,4.0,6.0,12.0,4.0,4.0,5.0,4.0
40,Liverpool,Newcastle,3-1,https://www.besoccer.com/match/liverpool/newcastle-united-fc/20208946,2020,5,premier_league,20,38,3,1,1,95.0,72.0,4.0,0.0,2.0,1.0,4.0,0.0,0.0,1.0,1.0,2.0,2.0,0.0,0.0,1.0,0.0,1.0,12.0,4.0,1.0,14.0,12.0,3.0,3.0,5.0
41,Brighton & Hove Albion,Burnley,1-1,https://www.besoccer.com/match/brighton-amp-hov/burnley-fc/20208945,2020,5,premier_league,20,38,1,1,0,69.0,71.0,0.0,0.0,0.0,0.0,1.0,1.0,2.0,1.0,1.0,2.0,0.0,1.0,1.0,0.0,1.0,1.0,4.0,4.0,15.0,13.0,4.0,7.0,5.0,6.0
42,Man. Utd,Leicester,1-0,https://www.besoccer.com/match/manchester-united-fc/leicester-city-fc/20208947,2020,5,premier_league,20,38,1,0,1,93.0,81.0,0.0,2.0,0.0,1.0,1.0,2.0,1.0,2.0,2.0,0.0,1.0,0.0,1.0,1.0,1.0,0.0,5.0,8.0,9.0,3.0,7.0,4.0,6.0,3.0
43,Sheffield United,Southampton,0-1,https://www.besoccer.com/match/sheffield-united/southampton-fc/20208949,2020,5,premier_league,20,38,0,1,-1,67.0,78.0,0.0,0.0,0.0,1.0,1.0,2.0,1.0,1.0,1.0,2.0,1.0,0.0,1.0,1.0,0.0,1.0,5.0,4.0,12.0,16.0,5.0,5.0,4.0,6.0
44,Tottenham Hotspur,Crystal Palace,4-0,https://www.besoccer.com/match/tottenham-hotspur-fc/crystal-palace-fc/20208950,2020,5,premier_league,20,38,4,0,1,92.0,73.0,0.0,2.0,0.0,1.0,1.0,2.0,1.0,2.0,1.0,1.0,1.0,0.0,1.0,1.0,0.0,1.0,5.0,7.0,10.0,6.0,7.0,6.0,3.0,2.0
45,Wolves,Chelsea,2-5,https://www.besoccer.com/match/wolverhampton/chelsea-fc/20208952,2020,5,premier_league,20,38,2,5,-1,71.0,91.0,0.0,0.0,0.0,1.0,0.0,3.0,1.0,1.0,2.0,1.0,0.0,2.0,0.0,1.0,0.0,1.0,3.0,5.0,19.0,14.0,4.0,5.0,6.0,9.0
46,Norwich City,Man. City,3-2,https://www.besoccer.com/match/norwich-city-fc/manchester-city-fc/20208948,2020,5,premier_league,20,38,3,2,1,71.0,97.0,0.0,2.0,0.0,2.0,1.0,0.0,3.0,3.0,1.0,0.0,1.0,0.0,1.0,2.0,0.0,0.0,3.0,10.0,18.0,2.0,6.0,10.0,14.0,3.0
47,AFC Bournemouth,Everton,3-1,https://www.besoccer.com/match/afc-bournemouth/everton-fc/20208944,2020,5,premier_league,20,38,3,1,1,73.0,78.0,0.0,1.0,0.0,0.0,1.0,1.0,2.0,2.0,1.0,1.0,0.0,1.0,1.0,0.0,1.0,1.0,4.0,7.0,15.0,10.0,5.0,8.0,4.0,4.0
48,Watford,Arsenal,2-2,https://www.besoccer.com/match/watford-fc/arsenal/20208951,2020,5,premier_league,20,38,2,2,0,75.0,91.0,0.0,0.0,0.0,0.0,0.0,1.0,3.0,2.0,1.0,1.0,0.0,0.0,2.0,1.0,0.0,1.0,1.0,7.0,20.0,9.0,2.0,8.0,6.0,6.0
49,Aston Villa,West Ham,0-0,https://www.besoccer.com/match/aston-villa-fc/west-ham-united/20208943,2020,5,premier_league,20,38,0,0,0,74.0,77.0,0.0,2.0,1.0,1.0,1.0,0.0,3.0,2.0,1.0,1.0,1.0,0.0,1.0,1.0,1.0,0.0,3.0,7.0,18.0,7.0,4.0,6.0,6.0,7.0
50,Southampton,AFC Bournemouth,1-3,https://www.besoccer.com/match/southampton-fc/afc-bournemouth/20208961,2020,6,premier_league,20,38,1,3,-1,78.0,73.0,1.0,1.0,0.0,0.0,2.0,1.0,2.0,2.0,1.0,2.0,0.0,1.0,1.0,1.0,0.0,1.0,7.0,7.0,12.0,9.0,5.0,6.0,8.0,9.0
51,Leicester,Tottenham Hotspur,2-1,https://www.besoccer.com/match/leicester-city-fc/tottenham-hotspur-fc/20208958,2020,6,premier_league,20,38,2,1,1,81.0,92.0,0.0,1.0,1.0,0.0,2.0,2.0,1.0,2.0,2.0,1.0,1.0,1.0,0.0,0.0,2.0,0.0,8.0,8.0,5.0,4.0,6.0,4.0,11.0,6.0
52,Burnley,Norwich City,2-0,https://www.besoccer.com/match/burnley-fc/norwich-city-fc/20208954,2020,6,premier_league,20,38,2,0,1,71.0,71.0,0.0,1.0,0.0,0.0,1.0,2.0,2.0,2.0,0.0,3.0,1.0,0.0,1.0,0.0,0.0,2.0,5.0,6.0,14.0,13.0,6.0,7.0,9.0,12.0
53,Everton,Sheffield United,0-2,https://www.besoccer.com/match/everton-fc/sheffield-united/20208957,2020,6,premier_league,20,38,0,2,-1,78.0,67.0,0.0,0.0,2.0,0.0,2.0,1.0,2.0,1.0,2.0,2.0,2.0,0.0,0.0,0.0,2.0,0.0,7.0,5.0,11.0,16.0,5.0,7.0,5.0,6.0
54,Man. City,Watford,8-0,https://www.besoccer.com/match/manchester-city-fc/watford-fc/20208959,2020,6,premier_league,20,38,8,0,1,97.0,75.0,0.0,0.0,1.0,0.0,3.0,1.0,1.0,0.0,2.0,3.0,1.0,1.0,0.0,0.0,1.0,1.0,10.0,2.0,4.0,20.0,16.0,6.0,4.0,10.0
55,Newcastle,Brighton & Hove Albion,0-0,https://www.besoccer.com/match/newcastle-united-fc/brighton-amp-hov/20208960,2020,6,premier_league,20,38,0,0,0,72.0,69.0,0.0,0.0,0.0,0.0,1.0,1.0,3.0,1.0,2.0,2.0,0.0,1.0,1.0,1.0,0.0,1.0,4.0,5.0,17.0,16.0,4.0,8.0,5.0,8.0
56,Crystal Palace,Wolves,1-1,https://www.besoccer.com/match/crystal-palace-fc/wolverhampton/20208956,2020,6,premier_league,20,38,1,1,0,73.0,72.0,0.0,0.0,1.0,0.0,2.0,1.0,2.0,0.0,3.0,2.0,1.0,1.0,0.0,0.0,1.0,1.0,7.0,3.0,12.0,19.0,3.0,6.0,6.0,10.0
57,West Ham,Man. Utd,2-0,https://www.besoccer.com/match/west-ham-united/manchester-united-fc/20208962,2020,6,premier_league,20,38,2,0,1,77.0,93.0,0.0,1.0,1.0,0.0,2.0,2.0,1.0,2.0,2.0,1.0,1.0,0.0,1.0,0.0,2.0,0.0,8.0,8.0,5.0,8.0,6.0,7.0,8.0,4.0
58,Arsenal,Aston Villa,3-2,https://www.besoccer.com/match/arsenal/aston-villa-fc/20208953,2020,6,premier_league,20,38,3,2,1,91.0,75.0,0.0,0.0,0.0,0.0,2.0,2.0,1.0,1.0,1.0,3.0,1.0,1.0,0.0,0.0,0.0,2.0,8.0,4.0,10.0,18.0,8.0,8.0,4.0,6.0
59,Chelsea,Liverpool,1-2,https://www.besoccer.com/match/chelsea-fc/liverpool/20208955,2020,6,premier_league,20,38,1,2,-1,91.0,95.0,1.0,5.0,0.0,2.0,2.0,2.0,1.0,5.0,0.0,0.0,0.0,2.0,0.0,2.0,0.0,0.0,8.0,15.0,12.0,1.0,11.0,11.0,15.0,4.0
60,Sheffield United,Liverpool,0-1,https://www.besoccer.com/match/sheffield-united/liverpool/20208970,2020,7,premier_league,20,38,0,1,-1,67.0,95.0,1.0,6.0,0.0,3.0,2.0,2.0,2.0,6.0,0.0,0.0,1.0,0.0,2.0,3.0,0.0,0.0,8.0,18.0,11.0,1.0,7.0,6.0,17.0,5.0
61,Aston Villa,Burnley,2-2,https://www.besoccer.com/match/aston-villa-fc/burnley-fc/20208963,2020,7,premier_league,20,38,2,2,0,75.0,70.0,0.0,1.0,0.0,0.0,1.0,1.0,4.0,2.0,2.0,2.0,1.0,1.0,1.0,0.0,2.0,1.0,4.0,8.0,18.0,7.0,6.0,9.0,8.0,7.0
62,AFC Bournemouth,West Ham,2-2,https://www.besoccer.com/match/afc-bournemouth/west-ham-united/20208964,2020,7,premier_league,20,38,2,2,0,73.0,77.0,2.0,1.0,1.0,0.0,3.0,1.0,2.0,3.0,2.0,1.0,1.0,1.0,1.0,1.0,2.0,0.0,10.0,11.0,6.0,3.0,11.0,10.0,8.0,7.0
63,Chelsea,Brighton & Hove Albion,2-0,https://www.besoccer.com/match/chelsea-fc/brighton-amp-hov/20208965,2020,7,premier_league,20,38,2,0,1,91.0,69.0,0.0,0.0,0.0,0.0,2.0,2.0,2.0,1.0,3.0,2.0,0.0,2.0,1.0,1.0,1.0,1.0,8.0,6.0,12.0,15.0,12.0,13.0,5.0,8.0
64,Crystal Palace,Norwich City,2-0,https://www.besoccer.com/match/crystal-palace-fc/norwich-city-fc/20208966,2020,7,premier_league,20,38,2,0,1,73.0,71.0,0.0,0.0,0.0,0.0,2.0,2.0,2.0,2.0,0.0,4.0,1.0,2.0,0.0,0.0,0.0,3.0,8.0,6.0,8.0,16.0,4.0,7.0,9.0,14.0
65,Tottenham Hotspur,Southampton,2-1,https://www.besoccer.com/match/tottenham-hotspur-fc/southampton-fc/20208971,2020,7,premier_league,20,38,2,1,1,92.0,78.0,0.0,0.0,1.0,2.0,2.0,2.0,2.0,2.0,1.0,3.0,2.0,0.0,1.0,2.0,0.0,1.0,8.0,7.0,10.0,14.0,12.0,8.0,6.0,9.0
66,Wolves,Watford,2-0,https://www.besoccer.com/match/wolverhampton/watford-fc/20208972,2020,7,premier_league,20,38,2,0,1,72.0,75.0,0.0,0.0,0.0,0.0,0.0,4.0,2.0,0.0,2.0,4.0,0.0,2.0,1.0,0.0,1.0,2.0,4.0,2.0,19.0,20.0,7.0,11.0,4.0,18.0
67,Everton,Man. City,1-3,https://www.besoccer.com/match/everton-fc/manchester-city-fc/20208967,2020,7,premier_league,20,38,1,3,-1,78.0,97.0,0.0,1.0,0.0,0.0,2.0,1.0,3.0,4.0,1.0,1.0,2.0,0.0,1.0,2.0,0.0,1.0,7.0,13.0,13.0,2.0,5.0,9.0,24.0,6.0
68,Leicester,Newcastle,5-0,https://www.besoccer.com/match/leicester-city-fc/newcastle-united-fc/20208968,2020,7,premier_league,20,38,5,0,1,81.0,72.0,1.0,0.0,2.0,0.0,3.0,2.0,1.0,1.0,2.0,3.0,2.0,1.0,0.0,1.0,0.0,2.0,11.0,5.0,7.0,18.0,8.0,5.0,4.0,8.0
69,Man. Utd,Arsenal,1-1,https://www.besoccer.com/match/manchester-united-fc/arsenal/20208969,2020,7,premier_league,20,38,1,1,0,92.0,91.0,0.0,1.0,1.0,0.0,2.0,2.0,2.0,3.0,2.0,1.0,2.0,0.0,1.0,1.0,1.0,1.0,8.0,11.0,11.0,8.0,8.0,6.0,11.0,10.0
70,Brighton & Hove Albion,Tottenham Hotspur,3-0,https://www.besoccer.com/match/brighton-amp-hov/tottenham-hotspur-fc/20208974,2020,8,premier_league,20,38,3,0,1,69.0,92.0,0.0,1.0,0.0,0.0,1.0,3.0,3.0,3.0,2.0,2.0,0.0,2.0,1.0,0.0,2.0,1.0,6.0,11.0,16.0,7.0,5.0,10.0,14.0,9.0
71,Burnley,Everton,1-0,https://www.besoccer.com/match/burnley-fc/everton-fc/20208975,2020,8,premier_league,20,38,1,0,1,70.0,78.0,0.0,0.0,1.0,0.0,2.0,3.0,2.0,2.0,1.0,4.0,2.0,0.0,1.0,0.0,1.0,2.0,9.0,7.0,10.0,13.0,10.0,9.0,6.0,12.0
72,Liverpool,Leicester,2-1,https://www.besoccer.com/match/liverpool/leicester-city-fc/20208976,2020,8,premier_league,20,38,2,1,1,95.0,81.0,7.0,2.0,3.0,0.0,7.0,0.0,0.0,4.0,2.0,1.0,3.0,0.0,0.0,1.0,1.0,1.0,21.0,14.0,1.0,3.0,18.0,5.0,13.0,5.0
73,Norwich City,Aston Villa,1-5,https://www.besoccer.com/match/norwich-city-fc/aston-villa-fc/20208979,2020,8,premier_league,20,38,1,5,-1,71.0,75.0,0.0,0.0,1.0,0.0,2.0,0.0,5.0,1.0,2.0,4.0,2.0,0.0,1.0,0.0,0.0,3.0,6.0,5.0,17.0,19.0,9.0,16.0,8.0,11.0
74,Watford,Sheffield United,0-0,https://www.besoccer.com/match/watford-fc/sheffield-united/20208981,2020,8,premier_league,20,38,0,0,0,75.0,67.0,0.0,0.0,0.0,1.0,0.0,2.0,5.0,2.0,2.0,3.0,0.0,1.0,2.0,1.0,2.0,0.0,2.0,8.0,20.0,13.0,4.0,20.0,7.0,7.0
75,West Ham,Crystal Palace,1-2,https://www.besoccer.com/match/west-ham-united/crystal-palace-fc/20208982,2020,8,premier_league,20,38,1,2,-1,78.0,74.0,0.0,1.0,2.0,0.0,3.0,3.0,1.0,3.0,2.0,2.0,2.0,0.0,1.0,1.0,0.0,2.0,12.0,11.0,4.0,8.0,10.0,9.0,6.0,7.0
76,Arsenal,AFC Bournemouth,1-0,https://www.besoccer.com/match/arsenal/afc-bournemouth/20208973,2020,8,premier_league,20,38,1,0,1,91.0,73.0,0.0,0.0,1.0,1.0,3.0,3.0,1.0,3.0,2.0,2.0,2.0,1.0,0.0,2.0,0.0,1.0,12.0,11.0,6.0,7.0,12.0,11.0,13.0,12.0
77,Man. City,Wolves,0-2,https://www.besoccer.com/match/manchester-city-fc/wolverhampton/20208977,2020,8,premier_league,20,38,0,2,-1,97.0,72.0,2.0,1.0,2.0,0.0,5.0,1.0,1.0,1.0,4.0,2.0,2.0,1.0,0.0,0.0,2.0,1.0,16.0,7.0,2.0,17.0,27.0,7.0,9.0,11.0
78,Southampton,Chelsea,1-4,https://www.besoccer.com/match/southampton-fc/chelsea-fc/20208980,2020,8,premier_league,20,38,1,4,-1,78.0,91.0,0.0,1.0,0.0,2.0,2.0,1.0,4.0,3.0,2.0,2.0,0.0,1.0,2.0,2.0,0.0,1.0,7.0,11.0,16.0,10.0,7.0,11.0,14.0,13.0
79,Newcastle,Man. Utd,1-0,https://www.besoccer.com/match/newcastle-united-fc/manchester-united-fc/20208978,2020,8,premier_league,20,38,1,0,1,72.0,92.0,0.0,0.0,0.0,0.0,1.0,2.0,4.0,2.0,3.0,2.0,0.0,2.0,1.0,0.0,2.0,1.0,5.0,9.0,19.0,12.0,4.0,13.0,9.0,7.0
80,Everton,West Ham,2-0,https://www.besoccer.com/match/everton-fc/west-ham-united/20208987,2020,9,premier_league,20,38,2,0,1,77.0,77.0,0.0,0.0,0.0,0.0,2.0,1.0,5.0,3.0,3.0,2.0,2.0,0.0,2.0,1.0,3.0,0.0,7.0,12.0,16.0,7.0,6.0,13.0,11.0,11.0
81,Aston Villa,Brighton & Hove Albion,2-1,https://www.besoccer.com/match/aston-villa-fc/brighton-amp-hov/20208983,2020,9,premier_league,20,38,2,1,1,68.0,69.0,1.0,1.0,0.0,0.0,2.0,2.0,4.0,2.0,3.0,3.0,1.0,2.0,1.0,1.0,1.0,2.0,8.0,9.0,16.0,13.0,13.0,12.0,8.0,10.0
82,AFC Bournemouth,Norwich City,0-0,https://www.besoccer.com/match/afc-bournemouth/norwich-city-fc/20208984,2020,9,premier_league,20,38,0,0,0,73.0,71.0,0.0,0.0,0.0,0.0,3.0,2.0,3.0,2.0,0.0,6.0,1.0,2.0,1.0,0.0,0.0,4.0,11.0,6.0,9.0,19.0,13.0,13.0,10.0,21.0
83,Chelsea,Newcastle,1-0,https://www.besoccer.com/match/chelsea-fc/newcastle-united-fc/20208985,2020,9,premier_league,20,38,1,0,1,91.0,72.0,2.0,1.0,1.0,0.0,4.0,2.0,2.0,2.0,2.0,4.0,1.0,2.0,1.0,1.0,0.0,3.0,14.0,8.0,6.0,17.0,18.0,14.0,5.0,13.0
84,Leicester,Burnley,2-1,https://www.besoccer.com/match/leicester-city-fc/burnley-fc/20208988,2020,9,premier_league,20,38,2,1,1,81.0,70.0,0.0,1.0,3.0,0.0,4.0,2.0,2.0,3.0,3.0,2.0,3.0,1.0,0.0,0.0,3.0,1.0,14.0,12.0,5.0,9.0,14.0,7.0,11.0,9.0
85,Tottenham Hotspur,Watford,1-1,https://www.besoccer.com/match/tottenham-hotspur-fc/watford-fc/20208991,2020,9,premier_league,20,38,1,1,0,92.0,75.0,0.0,0.0,2.0,0.0,3.0,2.0,3.0,0.0,3.0,5.0,3.0,0.0,1.0,0.0,1.0,3.0,11.0,3.0,10.0,20.0,14.0,12.0,4.0,20.0
86,Wolves,Southampton,1-1,https://www.besoccer.com/match/wolverhampton/southampton-fc/20208992,2020,9,premier_league,20,38,1,1,0,71.0,78.0,2.0,0.0,1.0,0.0,2.0,4.0,2.0,2.0,1.0,5.0,1.0,2.0,1.0,2.0,0.0,2.0,10.0,7.0,13.0,19.0,11.0,11.0,8.0,15.0
87,Crystal Palace,Man. City,0-2,https://www.besoccer.com/match/crystal-palace-fc/manchester-city-fc/20208986,2020,9,premier_league,20,38,0,2,-1,73.0,97.0,2.0,0.0,1.0,1.0,4.0,2.0,2.0,5.0,1.0,2.0,2.0,2.0,0.0,3.0,0.0,1.0,14.0,16.0,6.0,4.0,8.0,8.0,27.0,9.0
88,Man. Utd,Liverpool,1-1,https://www.besoccer.com/match/manchester-united-fc/liverpool/20208989,2020,9,premier_league,20,38,1,1,0,92.0,95.0,0.0,8.0,0.0,4.0,2.0,3.0,3.0,8.0,0.0,0.0,2.0,1.0,1.0,4.0,0.0,0.0,9.0,24.0,14.0,1.0,9.0,8.0,20.0,6.0
89,Sheffield United,Arsenal,1-0,https://www.besoccer.com/match/sheffield-united/arsenal/20208990,2020,9,premier_league,20,38,1,0,1,62.0,91.0,0.0,1.0,0.0,0.0,2.0,3.0,3.0,4.0,3.0,1.0,1.0,0.0,3.0,1.0,2.0,1.0,9.0,15.0,16.0,5.0,7.0,7.0,13.0,11.0
90,Southampton,Leicester,0-9,https://www.besoccer.com/match/southampton-fc/leicester-city-fc/20209000,2020,10,premier_league,20,38,0,9,-1,78.0,82.0,0.0,1.0,0.0,0.0,2.0,2.0,5.0,5.0,2.0,2.0,0.0,1.0,3.0,1.0,1.0,2.0,8.0,17.0,18.0,3.0,9.0,16.0,16.0,8.0
91,Man. City,Aston Villa,3-0,https://www.besoccer.com/match/manchester-city-fc/aston-villa-fc/20208997,2020,10,premier_league,20,38,3,0,1,97.0,68.0,1.0,2.0,0.0,1.0,6.0,1.0,2.0,3.0,2.0,4.0,2.0,1.0,1.0,1.0,0.0,3.0,19.0,11.0,2.0,12.0,29.0,9.0,15.0,13.0
92,Brighton & Hove Albion,Everton,3-2,https://www.besoccer.com/match/brighton-amp-hov/everton-fc/20208994,2020,10,premier_league,20,38,3,2,1,68.0,77.0,0.0,1.0,1.0,0.0,2.0,3.0,4.0,3.0,1.0,5.0,1.0,2.0,1.0,0.0,1.0,3.0,9.0,10.0,16.0,15.0,9.0,12.0,8.0,13.0
93,Watford,AFC Bournemouth,0-0,https://www.besoccer.com/match/watford-fc/afc-bournemouth/20209001,2020,10,premier_league,20,38,0,0,0,75.0,73.0,0.0,0.0,0.0,0.0,0.0,4.0,5.0,3.0,3.0,3.0,0.0,2.0,2.0,2.0,0.0,2.0,4.0,12.0,20.0,8.0,5.0,21.0,13.0,13.0
94,West Ham,Sheffield United,1-1,https://www.besoccer.com/match/west-ham-united/sheffield-united/20209002,2020,10,premier_league,20,38,1,1,0,77.0,62.0,0.0,1.0,0.0,0.0,3.0,3.0,3.0,3.0,3.0,3.0,2.0,0.0,2.0,1.0,3.0,0.0,12.0,12.0,7.0,12.0,11.0,13.0,8.0,7.0
95,Burnley,Chelsea,2-4,https://www.besoccer.com/match/burnley-fc/chelsea-fc/20208995,2020,10,premier_league,20,38,2,4,-1,71.0,90.0,0.0,3.0,2.0,3.0,3.0,3.0,3.0,5.0,2.0,2.0,3.0,0.0,1.0,3.0,0.0,1.0,12.0,17.0,9.0,4.0,12.0,11.0,19.0,14.0
96,Newcastle,Wolves,1-1,https://www.besoccer.com/match/newcastle-united-fc/wolverhampton/20208998,2020,10,premier_league,20,38,1,1,0,72.0,71.0,0.0,0.0,1.0,1.0,2.0,2.0,5.0,2.0,5.0,2.0,1.0,2.0,1.0,1.0,2.0,1.0,8.0,11.0,17.0,14.0,5.0,14.0,12.0,12.0
97,Arsenal,Crystal Palace,2-2,https://www.besoccer.com/match/arsenal/crystal-palace-fc/20208993,2020,10,premier_league,20,38,2,2,0,91.0,73.0,0.0,0.0,2.0,1.0,4.0,3.0,2.0,4.0,2.0,3.0,3.0,1.0,0.0,2.0,0.0,2.0,15.0,14.0,5.0,6.0,13.0,12.0,8.0,10.0
98,Liverpool,Tottenham Hotspur,2-1,https://www.besoccer.com/match/liverpool/tottenham-hotspur-fc/20208996,2020,10,premier_league,20,38,2,1,1,95.0,91.0,0.0,0.0,4.0,0.0,8.0,1.0,0.0,3.0,3.0,3.0,4.0,0.0,0.0,0.0,2.0,2.0,25.0,12.0,1.0,11.0,21.0,7.0,15.0,13.0
99,Norwich City,Man. Utd,1-3,https://www.besoccer.com/match/norwich-city-fc/manchester-united-fc/20208999,2020,10,premier_league,20,38,1,3,-1,71.0,92.0,0.0,0.0,0.0,0.0,2.0,1.0,6.0,2.0,4.0,3.0,2.0,0.0,2.0,0.0,2.0,2.0,7.0,10.0,19.0,15.0,10.0,21.0,10.0,9.0
100,AFC Bournemouth,Man. Utd,1-0,https://www.besoccer.com/match/afc-bournemouth/manchester-united-fc/20209005,2020,11,premier_league,20,38,1,0,1,73.0,92.0,0.0,1.0,0.0,1.0,3.0,4.0,3.0,3.0,4.0,3.0,1.0,3.0,1.0,1.0,2.0,2.0,13.0,13.0,8.0,15.0,13.0,13.0,13.0,10.0
101,Arsenal,Wolves,1-1,https://www.besoccer.com/match/arsenal/wolverhampton/20209003,2020,11,premier_league,20,38,1,1,0,91.0,72.0,0.0,0.0,0.0,0.0,4.0,4.0,2.0,2.0,6.0,2.0,3.0,2.0,0.0,1.0,3.0,1.0,16.0,12.0,5.0,14.0,15.0,14.0,13.0,13.0
102,Aston Villa,Liverpool,1-2,https://www.besoccer.com/match/aston-villa-fc/liverpool/20209004,2020,11,premier_league,20,38,1,2,-1,68.0,95.0,0.0,1.0,1.0,0.0,3.0,2.0,5.0,9.0,1.0,0.0,2.0,2.0,1.0,4.0,1.0,0.0,11.0,28.0,15.0,1.0,15.0,16.0,23.0,8.0
103,Brighton & Hove Albion,Norwich City,2-0,https://www.besoccer.com/match/brighton-amp-hov/norwich-city-fc/20209006,2020,11,premier_league,20,38,2,0,1,68.0,71.0,1.0,0.0,2.0,0.0,3.0,3.0,4.0,2.0,1.0,7.0,2.0,2.0,1.0,0.0,1.0,4.0,12.0,7.0,14.0,19.0,12.0,14.0,11.0,24.0
104,Man. City,Southampton,2-1,https://www.besoccer.com/match/manchester-city-fc/southampton-fc/20209009,2020,11,premier_league,20,38,2,1,1,97.0,78.0,2.0,0.0,1.0,0.0,7.0,1.0,2.0,2.0,2.0,6.0,3.0,1.0,1.0,2.0,1.0,2.0,22.0,8.0,2.0,18.0,32.0,9.0,9.0,25.0
105,Sheffield United,Burnley,3-0,https://www.besoccer.com/match/sheffield-united/burnley-fc/20209010,2020,11,premier_league,20,38,3,0,1,62.0,71.0,0.0,0.0,1.0,0.0,3.0,4.0,3.0,3.0,3.0,4.0,2.0,0.0,3.0,0.0,3.0,2.0,13.0,12.0,11.0,13.0,9.0,8.0,14.0,15.0
106,West Ham,Newcastle,2-3,https://www.besoccer.com/match/west-ham-united/newcastle-united-fc/20209012,2020,11,premier_league,20,38,2,3,-1,77.0,72.0,0.0,0.0,0.0,0.0,3.0,4.0,3.0,2.0,3.0,5.0,2.0,1.0,2.0,1.0,0.0,4.0,13.0,9.0,9.0,17.0,12.0,14.0,6.0,15.0
107,Watford,Chelsea,1-2,https://www.besoccer.com/match/watford-fc/chelsea-fc/20209011,2020,11,premier_league,20,38,1,2,-1,75.0,91.0,0.0,4.0,0.0,4.0,0.0,5.0,5.0,6.0,2.0,2.0,0.0,3.0,2.0,4.0,0.0,1.0,5.0,20.0,20.0,4.0,5.0,21.0,23.0,16.0
108,Crystal Palace,Leicester,0-2,https://www.besoccer.com/match/crystal-palace-fc/leicester-city-fc/20209007,2020,11,premier_league,20,38,0,2,-1,74.0,82.0,0.0,2.0,0.0,1.0,4.0,3.0,3.0,6.0,2.0,2.0,2.0,2.0,1.0,2.0,1.0,2.0,15.0,20.0,8.0,3.0,10.0,12.0,25.0,8.0
109,Everton,Tottenham Hotspur,1-1,https://www.besoccer.com/match/everton-fc/tottenham-hotspur-fc/20209008,2020,11,premier_league,20,38,1,1,0,77.0,91.0,0.0,0.0,1.0,0.0,3.0,1.0,6.0,3.0,3.0,4.0,3.0,0.0,2.0,0.0,2.0,3.0,10.0,12.0,17.0,14.0,10.0,16.0,16.0,15.0
110,Norwich City,Watford,0-2,https://www.besoccer.com/match/norwich-city-fc/watford-fc/20209019,2020,12,premier_league,20,38,0,2,-1,70.0,74.0,0.0,0.0,0.0,0.0,2.0,1.0,8.0,0.0,5.0,6.0,2.0,0.0,3.0,0.0,2.0,3.0,7.0,5.0,19.0,20.0,11.0,26.0,6.0,23.0
111,Chelsea,Crystal Palace,2-0,https://www.besoccer.com/match/chelsea-fc/crystal-palace-fc/20209014,2020,12,premier_league,20,38,2,0,1,91.0,74.0,5.0,0.0,2.0,0.0,7.0,2.0,2.0,4.0,3.0,4.0,2.0,2.0,1.0,2.0,1.0,2.0,23.0,15.0,4.0,8.0,25.0,17.0,10.0,14.0
112,Burnley,West Ham,3-0,https://www.besoccer.com/match/burnley-fc/west-ham-united/20209013,2020,12,premier_league,20,38,3,0,1,71.0,77.0,0.0,0.0,0.0,0.0,3.0,3.0,5.0,3.0,4.0,4.0,3.0,0.0,2.0,1.0,3.0,1.0,12.0,13.0,14.0,10.0,14.0,18.0,14.0,17.0
113,Newcastle,AFC Bournemouth,2-1,https://www.besoccer.com/match/newcastle-united-fc/afc-bournemouth/20209018,2020,12,premier_league,20,38,2,1,1,72.0,73.0,1.0,1.0,0.0,0.0,3.0,3.0,5.0,4.0,4.0,3.0,1.0,3.0,1.0,2.0,1.0,2.0,12.0,16.0,15.0,6.0,9.0,17.0,14.0,13.0
114,Southampton,Everton,1-2,https://www.besoccer.com/match/southampton-fc/everton-fc/20209020,2020,12,premier_league,20,38,1,2,-1,78.0,77.0,0.0,0.0,0.0,0.0,2.0,2.0,7.0,3.0,2.0,6.0,0.0,1.0,4.0,0.0,1.0,4.0,8.0,11.0,19.0,17.0,10.0,27.0,11.0,17.0
115,Tottenham Hotspur,Sheffield United,1-1,https://www.besoccer.com/match/tottenham-hotspur-fc/sheffield-united/20209021,2020,12,premier_league,20,38,1,1,0,90.0,62.0,0.0,1.0,0.0,0.0,3.0,4.0,4.0,4.0,4.0,3.0,3.0,1.0,1.0,1.0,4.0,0.0,13.0,16.0,13.0,7.0,17.0,16.0,12.0,8.0
116,Leicester,Arsenal,2-0,https://www.besoccer.com/match/leicester-city-fc/arsenal/20209015,2020,12,premier_league,20,38,2,0,1,82.0,91.0,3.0,0.0,4.0,0.0,7.0,2.0,2.0,4.0,5.0,2.0,4.0,1.0,0.0,1.0,2.0,2.0,23.0,17.0,4.0,5.0,27.0,8.0,16.0,15.0
117,Man. Utd,Brighton & Hove Albion,3-1,https://www.besoccer.com/match/manchester-united-fc/brighton-amp-hov/20209017,2020,12,premier_league,20,38,3,1,1,91.0,69.0,0.0,2.0,0.0,0.0,3.0,4.0,4.0,4.0,3.0,4.0,2.0,2.0,1.0,1.0,1.0,3.0,13.0,15.0,15.0,11.0,13.0,11.0,14.0,14.0
118,Wolves,Aston Villa,2-1,https://www.besoccer.com/match/wolverhampton/aston-villa-fc/20209022,2020,12,premier_league,20,38,2,1,1,73.0,69.0,0.0,0.0,0.0,0.0,2.0,7.0,2.0,3.0,2.0,6.0,1.0,3.0,1.0,1.0,0.0,4.0,13.0,11.0,16.0,17.0,14.0,14.0,16.0,18.0
119,Liverpool,Man. City,3-1,https://www.besoccer.com/match/liverpool/manchester-city-fc/20209016,2020,12,premier_league,20,38,3,1,1,95.0,96.0,2.0,3.0,5.0,2.0,10.0,1.0,0.0,8.0,1.0,2.0,5.0,0.0,0.0,4.0,0.0,1.0,31.0,25.0,1.0,4.0,25.0,9.0,34.0,10.0
120,West Ham,Tottenham Hotspur,2-3,https://www.besoccer.com/match/west-ham-united/tottenham-hotspur-fc/20209032,2020,13,premier_league,20,38,2,3,-1,77.0,90.0,0.0,0.0,0.0,0.0,3.0,4.0,5.0,3.0,5.0,4.0,2.0,1.0,3.0,0.0,3.0,3.0,13.0,14.0,16.0,14.0,14.0,20.0,18.0,17.0
121,Arsenal,Southampton,2-2,https://www.besoccer.com/match/arsenal/southampton-fc/20209023,2020,13,premier_league,20,38,2,2,0,91.0,78.0,0.0,0.0,0.0,0.0,4.0,5.0,3.0,2.0,2.0,8.0,3.0,3.0,0.0,2.0,1.0,3.0,17.0,8.0,5.0,19.0,16.0,17.0,11.0,29.0
122,AFC Bournemouth,Wolves,1-2,https://www.besoccer.com/match/afc-bournemouth/wolverhampton/20209025,2020,13,premier_league,20,38,1,2,-1,73.0,73.0,0.0,1.0,1.0,0.0,4.0,4.0,4.0,3.0,7.0,2.0,2.0,3.0,1.0,1.0,4.0,1.0,16.0,16.0,8.0,10.0,15.0,15.0,16.0,15.0
123,Brighton & Hove Albion,Leicester,0-2,https://www.besoccer.com/match/brighton-amp-hov/leicester-city-fc/20209026,2020,13,premier_league,20,38,0,2,-1,69.0,82.0,0.0,4.0,3.0,2.0,4.0,3.0,5.0,8.0,2.0,2.0,3.0,2.0,1.0,3.0,1.0,2.0,15.0,26.0,14.0,2.0,15.0,17.0,29.0,8.0
124,Crystal Palace,Liverpool,1-2,https://www.besoccer.com/match/crystal-palace-fc/liverpool/20209027,2020,13,premier_league,20,38,1,2,-1,74.0,95.0,0.0,3.0,0.0,1.0,4.0,3.0,5.0,11.0,1.0,0.0,2.0,2.0,2.0,5.0,1.0,0.0,15.0,34.0,12.0,1.0,10.0,16.0,28.0,10.0
125,Everton,Norwich City,0-2,https://www.besoccer.com/match/everton-fc/norwich-city-fc/20209028,2020,13,premier_league,20,38,0,2,-1,77.0,70.0,1.0,0.0,0.0,0.0,4.0,2.0,6.0,2.0,1.0,9.0,3.0,1.0,2.0,0.0,1.0,5.0,14.0,7.0,15.0,20.0,13.0,18.0,11.0,28.0
126,Watford,Burnley,0-3,https://www.besoccer.com/match/watford-fc/burnley-fc/20209031,2020,13,premier_league,20,38,0,3,-1,75.0,71.0,1.0,1.0,0.0,0.0,1.0,5.0,6.0,4.0,3.0,5.0,0.0,3.0,3.0,0.0,3.0,3.0,8.0,15.0,19.0,11.0,8.0,23.0,17.0,18.0
127,Man. City,Chelsea,2-1,https://www.besoccer.com/match/manchester-city-fc/chelsea-fc/20209029,2020,13,premier_league,20,38,2,1,1,97.0,91.0,0.0,6.0,2.0,5.0,8.0,1.0,3.0,8.0,2.0,2.0,4.0,1.0,1.0,5.0,0.0,1.0,25.0,26.0,4.0,3.0,35.0,13.0,27.0,17.0
128,Sheffield United,Man. Utd,3-3,https://www.besoccer.com/match/sheffield-united/manchester-united-fc/20209030,2020,13,premier_league,20,38,3,3,0,62.0,91.0,0.0,1.0,2.0,0.0,4.0,5.0,3.0,4.0,4.0,4.0,3.0,0.0,3.0,1.0,2.0,3.0,17.0,16.0,9.0,11.0,13.0,9.0,16.0,12.0
129,Aston Villa,Newcastle,2-0,https://www.besoccer.com/match/aston-villa-fc/newcastle-united-fc/20209024,2020,13,premier_league,20,38,2,0,1,69.0,72.0,0.0,2.0,0.0,1.0,3.0,2.0,7.0,4.0,3.0,5.0,2.0,2.0,2.0,2.0,0.0,4.0,11.0,15.0,17.0,13.0,17.0,20.0,11.0,18.0
130,Newcastle,Man. City,2-2,https://www.besoccer.com/match/newcastle-united-fc/manchester-city-fc/20209038,2020,14,premier_league,20,38,2,2,0,72.0,97.0,0.0,1.0,1.0,0.0,4.0,3.0,6.0,9.0,1.0,3.0,2.0,3.0,1.0,4.0,0.0,2.0,15.0,28.0,13.0,3.0,11.0,20.0,37.0,14.0
131,Burnley,Crystal Palace,0-2,https://www.besoccer.com/match/burnley-fc/crystal-palace-fc/20209033,2020,14,premier_league,20,38,0,2,-1,71.0,74.0,2.0,0.0,1.0,0.0,5.0,3.0,5.0,4.0,3.0,6.0,4.0,0.0,2.0,2.0,1.0,3.0,18.0,15.0,6.0,12.0,20.0,18.0,11.0,18.0
132,Chelsea,West Ham,0-1,https://www.besoccer.com/match/chelsea-fc/west-ham-united/20209034,2020,14,premier_league,20,38,0,1,-1,91.0,77.0,0.0,0.0,3.0,0.0,8.0,2.0,3.0,3.0,4.0,6.0,3.0,2.0,1.0,1.0,3.0,2.0,26.0,13.0,4.0,17.0,28.0,19.0,16.0,23.0
133,Liverpool,Brighton & Hove Albion,2-1,https://www.besoccer.com/match/liverpool/brighton-amp-hov/20209036,2020,14,premier_league,20,38,2,1,1,95.0,69.0,4.0,0.0,6.0,0.0,12.0,1.0,0.0,4.0,3.0,6.0,6.0,0.0,0.0,1.0,1.0,4.0,37.0,15.0,1.0,14.0,30.0,11.0,15.0,19.0
134,Tottenham Hotspur,AFC Bournemouth,3-2,https://www.besoccer.com/match/tottenham-hotspur-fc/afc-bournemouth/20209041,2020,14,premier_league,20,38,3,2,1,90.0,73.0,1.0,0.0,0.0,0.0,4.0,5.0,4.0,4.0,4.0,5.0,3.0,2.0,1.0,2.0,1.0,3.0,17.0,16.0,10.0,13.0,21.0,19.0,16.0,17.0
135,Southampton,Watford,2-1,https://www.besoccer.com/match/southampton-fc/watford-fc/20209040,2020,14,premier_league,20,38,2,1,1,77.0,74.0,0.0,0.0,0.0,1.0,2.0,3.0,8.0,1.0,5.0,7.0,0.0,1.0,5.0,1.0,2.0,3.0,9.0,8.0,19.0,20.0,13.0,31.0,8.0,26.0
136,Norwich City,Arsenal,2-2,https://www.besoccer.com/match/norwich-city-fc/arsenal/20209039,2020,14,premier_league,20,38,2,2,0,70.0,91.0,1.0,0.0,0.0,0.0,3.0,1.0,9.0,4.0,6.0,3.0,2.0,0.0,4.0,1.0,2.0,3.0,10.0,18.0,18.0,9.0,13.0,28.0,18.0,19.0
137,Wolves,Sheffield United,1-1,https://www.besoccer.com/match/wolverhampton/sheffield-united/20209042,2020,14,premier_league,20,38,1,1,0,73.0,63.0,2.0,0.0,1.0,0.0,4.0,7.0,2.0,4.0,6.0,3.0,2.0,3.0,1.0,1.0,5.0,0.0,19.0,18.0,6.0,10.0,18.0,16.0,16.0,12.0
138,Leicester,Everton,2-1,https://www.besoccer.com/match/leicester-city-fc/everton-fc/20209035,2020,14,premier_league,20,38,2,1,1,82.0,77.0,5.0,0.0,5.0,1.0,9.0,2.0,2.0,4.0,2.0,7.0,5.0,1.0,0.0,1.0,1.0,4.0,29.0,14.0,2.0,17.0,31.0,8.0,13.0,20.0
139,Man. Utd,Aston Villa,2-2,https://www.besoccer.com/match/manchester-united-fc/aston-villa-fc/20209037,2020,14,premier_league,20,38,2,2,0,92.0,69.0,0.0,1.0,1.0,0.0,4.0,5.0,4.0,4.0,2.0,7.0,3.0,2.0,1.0,1.0,0.0,5.0,17.0,14.0,11.0,16.0,19.0,15.0,19.0,20.0
140,Crystal Palace,AFC Bournemouth,1-0,https://www.besoccer.com/match/crystal-palace-fc/afc-bournemouth/20209191,2020,15,premier_league,20,38,1,0,1,74.0,73.0,1.0,0.0,0.0,0.0,5.0,3.0,6.0,4.0,4.0,6.0,2.0,2.0,3.0,2.0,1.0,4.0,18.0,16.0,10.0,13.0,13.0,18.0,18.0,20.0
141,Burnley,Man. City,1-4,https://www.besoccer.com/match/burnley-fc/manchester-city-fc/20209184,2020,15,premier_league,20,38,1,4,-1,70.0,97.0,0.0,0.0,0.0,0.0,5.0,3.0,6.0,9.0,2.0,3.0,4.0,0.0,3.0,4.0,1.0,2.0,18.0,29.0,9.0,3.0,20.0,20.0,39.0,16.0
142,Leicester,Watford,2-0,https://www.besoccer.com/match/leicester-city-fc/watford-fc/20209185,2020,15,premier_league,20,38,2,0,1,83.0,74.0,6.0,0.0,6.0,0.0,10.0,2.0,2.0,1.0,5.0,8.0,6.0,1.0,0.0,1.0,2.0,4.0,32.0,8.0,2.0,20.0,33.0,9.0,9.0,28.0
143,Wolves,West Ham,2-0,https://www.besoccer.com/match/wolverhampton/west-ham-united/20209187,2020,15,premier_league,20,38,2,0,1,73.0,76.0,0.0,1.0,0.0,1.0,4.0,8.0,2.0,4.0,4.0,6.0,2.0,4.0,1.0,2.0,3.0,2.0,20.0,16.0,7.0,12.0,19.0,17.0,17.0,23.0
144,Man. Utd,Tottenham Hotspur,2-1,https://www.besoccer.com/match/manchester-united-fc/tottenham-hotspur-fc/20209188,2020,15,premier_league,20,38,2,1,1,91.0,90.0,0.0,2.0,0.0,1.0,4.0,6.0,4.0,5.0,5.0,4.0,3.0,3.0,1.0,1.0,3.0,3.0,18.0,20.0,11.0,6.0,21.0,17.0,24.0,21.0
145,Chelsea,Aston Villa,2-1,https://www.besoccer.com/match/chelsea-fc/aston-villa-fc/20209189,2020,15,premier_league,20,38,2,1,1,91.0,69.0,0.0,0.0,0.0,0.0,8.0,2.0,4.0,4.0,3.0,7.0,3.0,2.0,2.0,1.0,1.0,5.0,26.0,15.0,4.0,15.0,28.0,20.0,21.0,22.0
146,Southampton,Norwich City,2-1,https://www.besoccer.com/match/southampton-fc/norwich-city-fc/20209190,2020,15,premier_league,20,38,2,1,1,77.0,70.0,1.0,0.0,1.0,1.0,3.0,3.0,8.0,3.0,2.0,9.0,1.0,1.0,5.0,1.0,1.0,5.0,12.0,11.0,18.0,19.0,15.0,32.0,15.0,30.0
147,Liverpool,Everton,5-2,https://www.besoccer.com/match/liverpool/everton-fc/20209192,2020,15,premier_league,20,38,5,2,1,95.0,77.0,5.0,0.0,7.0,0.0,13.0,1.0,0.0,4.0,2.0,8.0,7.0,0.0,0.0,1.0,1.0,5.0,40.0,14.0,1.0,17.0,32.0,12.0,14.0,22.0
148,Sheffield United,Newcastle,0-2,https://www.besoccer.com/match/sheffield-united/newcastle-united-fc/20209186,2020,15,premier_league,20,38,0,2,-1,63.0,73.0,0.0,0.0,0.0,0.0,4.0,7.0,3.0,4.0,4.0,6.0,3.0,1.0,3.0,2.0,0.0,5.0,19.0,16.0,10.0,14.0,17.0,13.0,13.0,22.0
149,Arsenal,Brighton & Hove Albion,1-2,https://www.besoccer.com/match/arsenal/brighton-amp-hov/20209183,2020,15,premier_league,20,38,1,2,-1,91.0,69.0,0.0,0.0,0.0,0.0,4.0,7.0,3.0,4.0,3.0,7.0,3.0,4.0,0.0,1.0,1.0,5.0,19.0,15.0,9.0,16.0,20.0,21.0,16.0,21.0
150,Everton,Chelsea,3-1,https://www.besoccer.com/match/everton-fc/chelsea-fc/20209196,2020,16,premier_league,20,38,3,1,1,77.0,91.0,0.0,1.0,0.0,0.0,4.0,2.0,9.0,9.0,2.0,4.0,3.0,1.0,3.0,5.0,0.0,2.0,14.0,29.0,18.0,4.0,16.0,27.0,30.0,21.0
151,AFC Bournemouth,Liverpool,0-3,https://www.besoccer.com/match/afc-bournemouth/liverpool/20209194,2020,16,premier_league,20,38,0,3,-1,73.0,95.0,0.0,6.0,0.0,2.0,4.0,4.0,7.0,14.0,1.0,0.0,2.0,3.0,2.0,6.0,1.0,0.0,16.0,43.0,15.0,1.0,18.0,21.0,37.0,14.0
152,Tottenham Hotspur,Burnley,5-0,https://www.besoccer.com/match/tottenham-hotspur-fc/burnley-fc/20209200,2020,16,premier_league,20,38,5,0,1,90.0,70.0,0.0,0.0,1.0,1.0,5.0,5.0,5.0,5.0,3.0,7.0,4.0,2.0,1.0,1.0,3.0,3.0,20.0,18.0,8.0,12.0,25.0,23.0,21.0,24.0
153,Watford,Crystal Palace,0-0,https://www.besoccer.com/match/watford-fc/crystal-palace-fc/20209201,2020,16,premier_league,20,38,0,0,0,74.0,74.0,0.0,2.0,0.0,1.0,1.0,5.0,9.0,6.0,3.0,6.0,0.0,3.0,4.0,3.0,1.0,3.0,8.0,21.0,20.0,6.0,9.0,30.0,14.0,18.0
154,Man. City,Man. Utd,1-2,https://www.besoccer.com/match/manchester-city-fc/manchester-united-fc/20209197,2020,16,premier_league,20,38,1,2,-1,97.0,91.0,1.0,1.0,3.0,0.0,10.0,2.0,3.0,5.0,6.0,4.0,5.0,1.0,1.0,1.0,3.0,3.0,32.0,21.0,3.0,8.0,43.0,17.0,23.0,18.0
155,Aston Villa,Leicester,1-4,https://www.besoccer.com/match/aston-villa-fc/leicester-city-fc/20209193,2020,16,premier_league,20,38,1,4,-1,69.0,83.0,0.0,7.0,1.0,3.0,4.0,3.0,8.0,11.0,2.0,2.0,3.0,2.0,2.0,4.0,1.0,2.0,15.0,35.0,17.0,2.0,22.0,24.0,35.0,9.0
156,Newcastle,Southampton,2-1,https://www.besoccer.com/match/newcastle-united-fc/southampton-fc/20209198,2020,16,premier_league,20,38,2,1,1,73.0,77.0,1.0,2.0,0.0,0.0,5.0,4.0,6.0,4.0,3.0,8.0,2.0,4.0,1.0,2.0,2.0,3.0,19.0,15.0,9.0,18.0,15.0,22.0,17.0,33.0
157,Norwich City,Sheffield United,1-2,https://www.besoccer.com/match/norwich-city-fc/sheffield-united/20209199,2020,16,premier_league,20,38,1,2,-1,69.0,63.0,0.0,0.0,0.0,0.0,3.0,2.0,10.0,4.0,7.0,4.0,2.0,1.0,4.0,1.0,6.0,0.0,11.0,19.0,19.0,11.0,16.0,32.0,17.0,15.0
158,Brighton & Hove Albion,Wolves,2-2,https://www.besoccer.com/match/brighton-amp-hov/wolverhampton/20209195,2020,16,premier_league,20,38,2,2,0,69.0,73.0,1.0,1.0,0.0,1.0,5.0,3.0,7.0,5.0,8.0,2.0,3.0,2.0,2.0,2.0,4.0,1.0,18.0,23.0,13.0,7.0,18.0,22.0,21.0,17.0
159,West Ham,Arsenal,1-3,https://www.besoccer.com/match/west-ham-united/arsenal/20209202,2020,16,premier_league,20,38,1,3,-1,76.0,90.0,0.0,0.0,0.0,0.0,4.0,4.0,7.0,4.0,7.0,4.0,2.0,1.0,4.0,1.0,3.0,3.0,16.0,19.0,15.0,11.0,17.0,25.0,21.0,23.0
160,Liverpool,Watford,2-0,https://www.besoccer.com/match/liverpool/watford-fc/20209208,2020,17,premier_league,20,38,2,0,1,96.0,75.0,7.0,0.0,8.0,0.0,15.0,1.0,0.0,1.0,6.0,9.0,8.0,0.0,0.0,1.0,2.0,5.0,46.0,9.0,1.0,20.0,40.0,14.0,9.0,30.0
161,Burnley,Newcastle,1-0,https://www.besoccer.com/match/burnley-fc/newcastle-united-fc/20209204,2020,17,premier_league,20,38,1,0,1,71.0,73.0,0.0,2.0,0.0,1.0,5.0,3.0,8.0,6.0,4.0,6.0,4.0,0.0,4.0,3.0,0.0,5.0,18.0,22.0,13.0,9.0,21.0,29.0,17.0,23.0
162,Chelsea,AFC Bournemouth,0-1,https://www.besoccer.com/match/chelsea-fc/afc-bournemouth/20209205,2020,17,premier_league,20,38,0,1,-1,91.0,73.0,0.0,0.0,1.0,0.0,9.0,2.0,5.0,4.0,4.0,8.0,4.0,2.0,2.0,2.0,1.0,5.0,29.0,16.0,4.0,16.0,31.0,24.0,18.0,24.0
163,Leicester,Norwich City,1-1,https://www.besoccer.com/match/leicester-city-fc/norwich-city-fc/20209207,2020,17,premier_league,20,38,1,1,0,83.0,69.0,8.0,0.0,7.0,0.0,12.0,2.0,2.0,3.0,2.0,11.0,7.0,1.0,0.0,1.0,1.0,6.0,38.0,11.0,2.0,19.0,39.0,10.0,17.0,34.0
164,Sheffield United,Aston Villa,2-0,https://www.besoccer.com/match/sheffield-united/aston-villa-fc/20209210,2020,17,premier_league,20,38,2,0,1,63.0,69.0,1.0,0.0,0.0,0.0,5.0,7.0,4.0,4.0,3.0,9.0,3.0,1.0,4.0,1.0,1.0,6.0,22.0,15.0,11.0,17.0,19.0,16.0,23.0,28.0
165,Southampton,West Ham,0-1,https://www.besoccer.com/match/southampton-fc/west-ham-united/20209211,2020,17,premier_league,20,38,0,1,-1,77.0,76.0,0.0,0.0,2.0,0.0,4.0,3.0,9.0,4.0,4.0,8.0,2.0,1.0,5.0,2.0,3.0,3.0,15.0,16.0,18.0,16.0,18.0,35.0,18.0,28.0
166,Man. Utd,Everton,1-1,https://www.besoccer.com/match/manchester-united-fc/everton-fc/20209209,2020,17,premier_league,20,38,1,1,0,92.0,77.0,2.0,1.0,1.0,0.0,6.0,6.0,4.0,5.0,2.0,9.0,4.0,3.0,1.0,1.0,1.0,6.0,24.0,17.0,6.0,15.0,25.0,19.0,19.0,28.0
167,Wolves,Tottenham Hotspur,1-2,https://www.besoccer.com/match/wolverhampton/tottenham-hotspur-fc/20209212,2020,17,premier_league,20,38,1,2,-1,73.0,90.0,0.0,1.0,1.0,0.0,5.0,9.0,2.0,6.0,5.0,5.0,3.0,4.0,1.0,1.0,3.0,4.0,24.0,23.0,7.0,8.0,23.0,19.0,30.0,23.0
168,Arsenal,Man. City,0-3,https://www.besoccer.com/match/arsenal/manchester-city-fc/20209203,2020,17,premier_league,20,38,0,3,-1,90.0,96.0,1.0,0.0,0.0,1.0,5.0,7.0,4.0,10.0,2.0,4.0,3.0,4.0,1.0,5.0,1.0,2.0,22.0,32.0,11.0,3.0,24.0,24.0,44.0,19.0
169,Crystal Palace,Brighton & Hove Albion,1-1,https://www.besoccer.com/match/crystal-palace-fc/brighton-amp-hov/20209206,2020,17,premier_league,20,38,1,1,0,74.0,69.0,0.0,0.0,1.0,1.0,6.0,4.0,6.0,5.0,4.0,7.0,3.0,2.0,3.0,2.0,1.0,5.0,22.0,19.0,9.0,15.0,14.0,18.0,20.0,24.0
170,Everton,Arsenal,0-0,https://www.besoccer.com/match/everton-fc/arsenal/20209216,2020,18,premier_league,20,38,0,0,0,77.0,90.0,0.0,0.0,1.0,1.0,5.0,3.0,9.0,5.0,7.0,5.0,4.0,1.0,3.0,2.0,3.0,3.0,18.0,22.0,16.0,11.0,20.0,29.0,24.0,27.0
171,Aston Villa,Southampton,1-3,https://www.besoccer.com/match/aston-villa-fc/southampton-fc/20209213,2020,18,premier_league,20,38,1,3,-1,69.0,77.0,0.0,0.0,0.0,0.0,4.0,3.0,10.0,4.0,3.0,10.0,3.0,2.0,3.0,2.0,2.0,4.0,15.0,15.0,17.0,18.0,23.0,30.0,18.0,36.0
172,AFC Bournemouth,Burnley,0-1,https://www.besoccer.com/match/afc-bournemouth/burnley-fc/20209214,2020,18,premier_league,20,38,0,1,-1,73.0,71.0,1.0,1.0,0.0,0.0,5.0,4.0,8.0,6.0,3.0,8.0,2.0,3.0,3.0,1.0,3.0,4.0,19.0,21.0,15.0,12.0,19.0,24.0,22.0,29.0
173,Brighton & Hove Albion,Sheffield United,0-1,https://www.besoccer.com/match/brighton-amp-hov/sheffield-united/20209215,2020,18,premier_league,20,38,0,1,-1,69.0,63.0,0.0,2.0,0.0,1.0,5.0,5.0,7.0,6.0,7.0,4.0,3.0,3.0,2.0,2.0,6.0,0.0,20.0,25.0,13.0,7.0,21.0,25.0,21.0,16.0
174,Newcastle,Crystal Palace,1-0,https://www.besoccer.com/match/newcastle-united-fc/crystal-palace-fc/20209218,2020,18,premier_league,20,38,1,0,1,73.0,74.0,0.0,0.0,1.0,0.0,6.0,4.0,7.0,6.0,5.0,6.0,3.0,4.0,1.0,3.0,2.0,3.0,22.0,23.0,12.0,10.0,17.0,24.0,15.0,19.0
175,Norwich City,Wolves,1-2,https://www.besoccer.com/match/norwich-city-fc/wolverhampton/20209219,2020,18,premier_league,20,38,1,2,-1,69.0,73.0,0.0,0.0,0.0,0.0,3.0,3.0,11.0,5.0,9.0,3.0,2.0,1.0,5.0,2.0,5.0,1.0,12.0,24.0,19.0,9.0,18.0,35.0,24.0,21.0
176,Man. City,Leicester,3-1,https://www.besoccer.com/match/manchester-city-fc/leicester-city-fc/20209217,2020,18,premier_league,20,38,3,1,1,96.0,83.0,1.0,0.0,0.0,4.0,11.0,2.0,4.0,12.0,3.0,2.0,5.0,1.0,2.0,5.0,1.0,2.0,35.0,39.0,3.0,2.0,47.0,19.0,40.0,11.0
177,Watford,Man. Utd,2-0,https://www.besoccer.com/match/watford-fc/manchester-united-fc/20209221,2020,18,premier_league,20,38,2,0,1,75.0,92.0,0.0,0.0,0.0,1.0,1.0,6.0,10.0,6.0,7.0,4.0,0.0,4.0,4.0,2.0,3.0,3.0,9.0,25.0,20.0,9.0,9.0,32.0,26.0,20.0
178,Tottenham Hotspur,Chelsea,0-2,https://www.besoccer.com/match/tottenham-hotspur-fc/chelsea-fc/20209220,2020,18,premier_league,20,38,0,2,-1,90.0,91.0,2.0,0.0,2.0,0.0,7.0,5.0,5.0,9.0,2.0,6.0,5.0,2.0,1.0,5.0,0.0,3.0,26.0,29.0,7.0,4.0,32.0,24.0,31.0,25.0
179,West Ham,Liverpool,0-2,https://www.besoccer.com/match/west-ham-united/liverpool/20209222,2020,18,premier_league,20,38,0,2,-1,76.0,96.0,1.0,8.0,0.0,3.0,5.0,4.0,8.0,16.0,1.0,0.0,2.0,1.0,5.0,7.0,1.0,0.0,19.0,49.0,14.0,1.0,19.0,28.0,42.0,14.0
180,Tottenham Hotspur,Brighton & Hove Albion,2-1,https://www.besoccer.com/match/tottenham-hotspur-fc/brighton-amp-hov/20209231,2020,19,premier_league,20,38,2,1,1,90.0,69.0,0.0,0.0,0.0,0.0,7.0,5.0,6.0,5.0,5.0,8.0,5.0,2.0,2.0,2.0,2.0,5.0,26.0,20.0,7.0,13.0,32.0,26.0,21.0,26.0
181,Aston Villa,Norwich City,1-0,https://www.besoccer.com/match/aston-villa-fc/norwich-city-fc/20209223,2020,19,premier_league,20,38,1,0,1,70.0,70.0,0.0,0.0,0.0,0.0,4.0,3.0,11.0,3.0,3.0,12.0,3.0,2.0,4.0,1.0,2.0,6.0,15.0,12.0,18.0,20.0,24.0,33.0,19.0,37.0
182,AFC Bournemouth,Arsenal,1-1,https://www.besoccer.com/match/afc-bournemouth/arsenal/20209224,2020,19,premier_league,20,38,1,1,0,73.0,90.0,0.0,0.0,0.0,0.0,5.0,4.0,9.0,5.0,8.0,5.0,2.0,3.0,4.0,2.0,4.0,3.0,19.0,23.0,15.0,12.0,19.0,25.0,24.0,27.0
183,Chelsea,Southampton,0-2,https://www.besoccer.com/match/chelsea-fc/southampton-fc/20209225,2020,19,premier_league,20,38,0,2,-1,91.0,77.0,1.0,1.0,0.0,1.0,10.0,2.0,6.0,5.0,3.0,10.0,4.0,2.0,3.0,3.0,2.0,4.0,32.0,18.0,4.0,18.0,33.0,25.0,21.0,37.0
184,Crystal Palace,West Ham,2-1,https://www.besoccer.com/match/crystal-palace-fc/west-ham-united/20209226,2020,19,premier_league,20,38,2,1,1,74.0,76.0,0.0,0.0,0.0,1.0,6.0,5.0,7.0,5.0,4.0,9.0,3.0,3.0,3.0,3.0,3.0,3.0,23.0,19.0,12.0,15.0,15.0,20.0,19.0,30.0
185,Everton,Burnley,1-0,https://www.besoccer.com/match/everton-fc/burnley-fc/20209227,2020,19,premier_league,20,38,1,0,1,77.0,71.0,0.0,2.0,0.0,1.0,5.0,4.0,9.0,7.0,3.0,8.0,4.0,2.0,3.0,2.0,3.0,4.0,19.0,24.0,17.0,10.0,20.0,29.0,23.0,29.0
186,Sheffield United,Watford,1-1,https://www.besoccer.com/match/sheffield-united/watford-fc/20209230,2020,19,premier_league,20,38,1,1,0,64.0,74.0,3.0,1.0,1.0,0.0,7.0,7.0,4.0,2.0,6.0,10.0,4.0,1.0,4.0,1.0,2.0,6.0,28.0,12.0,6.0,19.0,22.0,16.0,11.0,32.0
187,Man. Utd,Newcastle,4-1,https://www.besoccer.com/match/manchester-united-fc/newcastle-united-fc/20209229,2020,19,premier_league,20,38,4,1,1,91.0,72.0,0.0,1.0,0.0,0.0,6.0,7.0,5.0,7.0,4.0,7.0,4.0,4.0,1.0,3.0,0.0,6.0,25.0,25.0,10.0,9.0,26.0,22.0,18.0,24.0
188,Leicester,Liverpool,0-4,https://www.besoccer.com/match/leicester-city-fc/liverpool/20209228,2020,19,premier_league,20,38,0,4,-1,83.0,96.0,0.0,9.0,0.0,4.0,12.0,3.0,3.0,17.0,1.0,0.0,7.0,2.0,0.0,8.0,1.0,0.0,39.0,52.0,2.0,1.0,41.0,14.0,44.0,14.0
189,Wolves,Man. City,3-2,https://www.besoccer.com/match/wolverhampton/manchester-city-fc/20209232,2020,19,premier_league,20,38,3,2,1,74.0,96.0,1.0,2.0,0.0,2.0,6.0,9.0,3.0,12.0,2.0,4.0,3.0,4.0,2.0,6.0,1.0,2.0,27.0,38.0,8.0,3.0,26.0,22.0,50.0,20.0
190,Brighton & Hove Albion,AFC Bournemouth,2-0,https://www.besoccer.com/match/brighton-amp-hov/afc-bournemouth/20209234,2020,20,premier_league,20,38,2,0,1,69.0,73.0,0.0,0.0,0.0,1.0,5.0,5.0,9.0,5.0,5.0,9.0,3.0,3.0,3.0,3.0,1.0,5.0,20.0,20.0,16.0,15.0,22.0,28.0,20.0,26.0
191,Newcastle,Everton,1-2,https://www.besoccer.com/match/newcastle-united-fc/everton-fc/20209238,2020,20,premier_league,20,38,1,2,-1,72.0,77.0,0.0,1.0,2.0,0.0,7.0,4.0,8.0,6.0,4.0,9.0,4.0,4.0,1.0,1.0,2.0,6.0,25.0,22.0,10.0,13.0,19.0,28.0,21.0,29.0
192,Southampton,Crystal Palace,1-1,https://www.besoccer.com/match/southampton-fc/crystal-palace-fc/20209240,2020,20,premier_league,20,38,1,1,0,77.0,74.0,2.0,1.0,0.0,0.0,6.0,3.0,10.0,7.0,5.0,7.0,2.0,1.0,6.0,3.0,2.0,4.0,21.0,26.0,15.0,9.0,23.0,37.0,17.0,21.0
193,Watford,Aston Villa,3-0,https://www.besoccer.com/match/watford-fc/aston-villa-fc/20209241,2020,20,premier_league,20,38,3,0,1,74.0,70.0,0.0,1.0,1.0,0.0,2.0,7.0,10.0,5.0,3.0,11.0,1.0,4.0,4.0,1.0,1.0,7.0,13.0,18.0,19.0,18.0,12.0,33.0,25.0,33.0
194,Norwich City,Tottenham Hotspur,2-2,https://www.besoccer.com/match/norwich-city-fc/tottenham-hotspur-fc/20209239,2020,20,premier_league,20,38,2,2,0,70.0,90.0,0.0,1.0,0.0,1.0,3.0,3.0,13.0,8.0,5.0,6.0,2.0,1.0,6.0,2.0,3.0,4.0,12.0,29.0,20.0,6.0,19.0,38.0,34.0,27.0
195,West Ham,Leicester,1-2,https://www.besoccer.com/match/west-ham-united/leicester-city-fc/20209242,2020,20,premier_league,20,38,1,2,-1,76.0,83.0,0.0,0.0,0.0,0.0,5.0,4.0,10.0,12.0,3.0,4.0,2.0,1.0,6.0,5.0,1.0,3.0,19.0,39.0,17.0,2.0,20.0,32.0,41.0,18.0
196,Burnley,Man. Utd,0-2,https://www.besoccer.com/match/burnley-fc/manchester-united-fc/20209235,2020,20,premier_league,20,38,0,2,-1,71.0,91.0,0.0,1.0,1.0,0.0,7.0,3.0,9.0,7.0,7.0,5.0,5.0,0.0,4.0,2.0,3.0,4.0,24.0,28.0,12.0,8.0,23.0,30.0,30.0,23.0
197,Arsenal,Chelsea,1-2,https://www.besoccer.com/match/arsenal/chelsea-fc/20209233,2020,20,premier_league,20,38,1,2,-1,90.0,91.0,0.0,0.0,0.0,1.0,5.0,9.0,5.0,10.0,2.0,7.0,3.0,4.0,2.0,6.0,0.0,3.0,24.0,32.0,13.0,4.0,25.0,28.0,33.0,27.0
198,Liverpool,Wolves,1-0,https://www.besoccer.com/match/liverpool/wolverhampton/20209236,2020,20,premier_league,20,38,1,0,1,96.0,74.0,10.0,2.0,9.0,1.0,18.0,1.0,0.0,7.0,9.0,3.0,9.0,0.0,0.0,3.0,5.0,1.0,55.0,30.0,1.0,7.0,48.0,14.0,29.0,24.0
199,Man. City,Sheffield United,2-0,https://www.besoccer.com/match/manchester-city-fc/sheffield-united/20209237,2020,20,premier_league,20,38,2,0,1,96.0,64.0,0.0,0.0,1.0,2.0,12.0,2.0,5.0,7.0,8.0,4.0,6.0,1.0,2.0,3.0,6.0,0.0,38.0,29.0,3.0,8.0,52.0,23.0,23.0,17.0
200,Brighton & Hove Albion,Chelsea,1-1,https://www.besoccer.com/match/brighton-amp-hov/chelsea-fc/20209244,2020,21,premier_league,20,38,1,1,0,69.0,91.0,1.0,1.0,1.0,2.0,6.0,5.0,9.0,11.0,2.0,7.0,4.0,3.0,3.0,7.0,0.0,3.0,23.0,35.0,14.0,4.0,24.0,28.0,35.0,28.0
201,Burnley,Aston Villa,1-2,https://www.besoccer.com/match/burnley-fc/aston-villa-fc/20209245,2020,21,premier_league,20,38,1,2,-1,71.0,70.0,0.0,0.0,0.0,0.0,7.0,3.0,10.0,5.0,3.0,12.0,5.0,0.0,5.0,1.0,1.0,8.0,24.0,18.0,12.0,18.0,23.0,32.0,25.0,36.0
202,Newcastle,Leicester,0-3,https://www.besoccer.com/match/newcastle-united-fc/leicester-city-fc/20209248,2020,21,premier_league,20,38,0,3,-1,73.0,83.0,0.0,1.0,0.0,1.0,7.0,4.0,9.0,13.0,3.0,4.0,4.0,4.0,2.0,6.0,1.0,3.0,25.0,42.0,10.0,2.0,20.0,30.0,43.0,19.0
203,Southampton,Tottenham Hotspur,1-0,https://www.besoccer.com/match/southampton-fc/tottenham-hotspur-fc/20209250,2020,21,premier_league,20,38,1,0,1,77.0,90.0,0.0,0.0,0.0,0.0,6.0,4.0,10.0,8.0,6.0,6.0,2.0,2.0,6.0,2.0,4.0,4.0,22.0,30.0,15.0,6.0,24.0,38.0,36.0,29.0
204,Watford,Wolves,2-1,https://www.besoccer.com/match/watford-fc/wolverhampton/20209251,2020,21,premier_league,20,38,2,1,1,74.0,74.0,1.0,0.0,2.0,0.0,3.0,7.0,10.0,7.0,9.0,4.0,2.0,4.0,4.0,3.0,5.0,2.0,16.0,30.0,19.0,7.0,15.0,33.0,29.0,25.0
205,Man. City,Everton,2-1,https://www.besoccer.com/match/manchester-city-fc/everton-fc/20209247,2020,21,premier_league,20,38,2,1,1,96.0,77.0,1.0,2.0,2.0,1.0,13.0,2.0,5.0,7.0,4.0,9.0,7.0,1.0,2.0,2.0,2.0,6.0,41.0,25.0,3.0,11.0,54.0,23.0,23.0,30.0
206,Norwich City,Crystal Palace,1-1,https://www.besoccer.com/match/norwich-city-fc/crystal-palace-fc/20209249,2020,21,premier_league,20,38,1,1,0,70.0,74.0,0.0,0.0,0.0,0.0,3.0,4.0,13.0,7.0,6.0,7.0,2.0,2.0,6.0,3.0,3.0,4.0,13.0,27.0,20.0,9.0,21.0,40.0,18.0,22.0
207,West Ham,AFC Bournemouth,4-0,https://www.besoccer.com/match/west-ham-united/afc-bournemouth/20209252,2020,21,premier_league,20,38,4,0,1,76.0,73.0,0.0,0.0,0.0,0.0,5.0,4.0,11.0,5.0,5.0,10.0,2.0,1.0,7.0,3.0,1.0,6.0,19.0,20.0,18.0,17.0,21.0,34.0,20.0,28.0
208,Arsenal,Man. Utd,2-0,https://www.besoccer.com/match/arsenal/manchester-united-fc/20209243,2020,21,premier_league,20,38,2,0,1,90.0,91.0,0.0,2.0,0.0,1.0,5.0,9.0,6.0,8.0,7.0,5.0,3.0,4.0,3.0,3.0,3.0,4.0,24.0,31.0,14.0,5.0,26.0,30.0,32.0,23.0
209,Liverpool,Sheffield United,2-0,https://www.besoccer.com/match/liverpool/sheffield-united/20209246,2020,21,premier_league,20,38,2,0,1,96.0,64.0,11.0,0.0,10.0,0.0,19.0,1.0,0.0,7.0,8.0,5.0,10.0,0.0,0.0,3.0,6.0,1.0,58.0,29.0,1.0,8.0,49.0,14.0,23.0,19.0
210,Sheffield United,West Ham,1-0,https://www.besoccer.com/match/sheffield-united/west-ham-united/20209260,2020,22,premier_league,20,38,1,0,1,64.0,76.0,0.0,1.0,0.0,0.0,7.0,8.0,6.0,6.0,4.0,11.0,4.0,2.0,4.0,3.0,3.0,4.0,29.0,22.0,8.0,16.0,23.0,21.0,25.0,34.0
211,Crystal Palace,Arsenal,1-1,https://www.besoccer.com/match/crystal-palace-fc/arsenal/20209256,2020,22,premier_league,20,38,1,1,0,74.0,90.0,0.0,1.0,1.0,0.0,7.0,7.0,7.0,6.0,9.0,6.0,4.0,3.0,3.0,2.0,5.0,3.0,28.0,27.0,9.0,10.0,19.0,23.0,28.0,30.0
212,Chelsea,Burnley,3-0,https://www.besoccer.com/match/chelsea-fc/burnley-fc/20209255,2020,22,premier_league,20,38,3,0,1,91.0,71.0,0.0,0.0,0.0,0.0,11.0,3.0,7.0,7.0,3.0,11.0,4.0,2.0,4.0,2.0,3.0,5.0,36.0,24.0,4.0,14.0,36.0,29.0,24.0,34.0
213,Everton,Brighton & Hove Albion,1-0,https://www.besoccer.com/match/everton-fc/brighton-amp-hov/20209257,2020,22,premier_league,20,38,1,0,1,77.0,70.0,0.0,0.0,1.0,0.0,7.0,4.0,10.0,6.0,6.0,9.0,5.0,2.0,3.0,2.0,2.0,6.0,25.0,24.0,12.0,15.0,24.0,32.0,25.0,29.0
214,Leicester,Southampton,1-2,https://www.besoccer.com/match/leicester-city-fc/southampton-fc/20209258,2020,22,premier_league,20,38,1,2,-1,84.0,77.0,2.0,1.0,0.0,2.0,14.0,3.0,4.0,7.0,4.0,10.0,7.0,2.0,1.0,4.0,2.0,4.0,45.0,25.0,2.0,13.0,46.0,19.0,25.0,38.0
215,Man. Utd,Norwich City,4-0,https://www.besoccer.com/match/manchester-united-fc/norwich-city-fc/20209259,2020,22,premier_league,20,38,4,0,1,92.0,70.0,0.0,0.0,1.0,0.0,8.0,7.0,6.0,3.0,5.0,13.0,5.0,4.0,1.0,1.0,2.0,7.0,31.0,14.0,6.0,20.0,32.0,25.0,22.0,41.0
216,Wolves,Newcastle,1-1,https://www.besoccer.com/match/wolverhampton/newcastle-united-fc/20209262,2020,22,premier_league,20,38,1,1,0,74.0,73.0,0.0,0.0,1.0,0.0,7.0,9.0,5.0,7.0,4.0,10.0,4.0,4.0,2.0,3.0,0.0,7.0,30.0,25.0,8.0,13.0,30.0,27.0,20.0,33.0
217,Tottenham Hotspur,Liverpool,0-1,https://www.besoccer.com/match/tottenham-hotspur-fc/liverpool/20209261,2020,22,premier_league,20,38,0,1,-1,90.0,96.0,0.0,12.0,1.0,5.0,8.0,6.0,7.0,20.0,1.0,0.0,6.0,2.0,2.0,9.0,1.0,0.0,30.0,61.0,7.0,1.0,36.0,30.0,51.0,14.0
218,AFC Bournemouth,Watford,0-3,https://www.besoccer.com/match/afc-bournemouth/watford-fc/20209254,2020,22,premier_league,20,38,0,3,-1,72.0,74.0,0.0,2.0,0.0,0.0,5.0,5.0,11.0,4.0,7.0,10.0,2.0,4.0,4.0,1.0,3.0,6.0,20.0,19.0,18.0,19.0,20.0,32.0,17.0,34.0
219,Aston Villa,Man. City,1-6,https://www.besoccer.com/match/aston-villa-fc/manchester-city-fc/20209253,2020,22,premier_league,20,38,1,6,-1,70.0,96.0,1.0,2.0,1.0,0.0,6.0,3.0,12.0,14.0,2.0,5.0,4.0,2.0,4.0,6.0,1.0,3.0,21.0,44.0,17.0,3.0,27.0,37.0,56.0,24.0
220,Watford,Tottenham Hotspur,0-0,https://www.besoccer.com/match/watford-fc/tottenham-hotspur-fc/20209271,2020,23,premier_league,20,38,0,0,0,74.0,90.0,3.0,0.0,3.0,0.0,5.0,7.0,10.0,8.0,6.0,8.0,3.0,4.0,4.0,2.0,4.0,5.0,22.0,30.0,17.0,8.0,20.0,34.0,36.0,31.0
221,Arsenal,Sheffield United,1-1,https://www.besoccer.com/match/arsenal/sheffield-united/20209263,2020,23,premier_league,20,38,1,1,0,90.0,64.0,0.0,1.0,1.0,0.0,6.0,10.0,6.0,8.0,8.0,6.0,4.0,4.0,3.0,3.0,6.0,2.0,28.0,32.0,10.0,6.0,29.0,31.0,24.0,21.0
222,Brighton & Hove Albion,Aston Villa,1-1,https://www.besoccer.com/match/brighton-amp-hov/aston-villa-fc/20209264,2020,23,premier_league,20,38,1,1,0,70.0,70.0,0.0,0.0,0.0,1.0,6.0,6.0,10.0,6.0,3.0,13.0,4.0,4.0,3.0,2.0,1.0,8.0,24.0,21.0,15.0,18.0,25.0,30.0,28.0,43.0
223,Man. City,Crystal Palace,2-2,https://www.besoccer.com/match/manchester-city-fc/crystal-palace-fc/20209267,2020,23,premier_league,20,38,2,2,0,96.0,74.0,3.0,0.0,3.0,0.0,15.0,2.0,5.0,7.0,8.0,7.0,8.0,1.0,2.0,3.0,4.0,4.0,47.0,29.0,2.0,9.0,62.0,25.0,20.0,24.0
224,Norwich City,AFC Bournemouth,1-0,https://www.besoccer.com/match/norwich-city-fc/afc-bournemouth/20209269,2020,23,premier_league,20,38,1,0,1,70.0,73.0,0.0,0.0,0.0,0.0,3.0,5.0,14.0,5.0,5.0,12.0,2.0,3.0,6.0,3.0,1.0,7.0,14.0,20.0,20.0,19.0,22.0,45.0,20.0,35.0
225,Southampton,Wolves,2-3,https://www.besoccer.com/match/southampton-fc/wolverhampton/20209270,2020,23,premier_league,20,38,2,3,-1,77.0,74.0,2.0,0.0,1.0,0.0,8.0,4.0,10.0,7.0,10.0,5.0,3.0,2.0,6.0,3.0,5.0,3.0,28.0,31.0,12.0,8.0,27.0,39.0,31.0,28.0
226,West Ham,Everton,1-1,https://www.besoccer.com/match/west-ham-united/everton-fc/20209272,2020,23,premier_league,20,38,1,1,0,76.0,78.0,0.0,1.0,1.0,0.0,6.0,4.0,12.0,8.0,4.0,10.0,3.0,1.0,7.0,2.0,2.0,7.0,22.0,28.0,17.0,11.0,25.0,35.0,25.0,32.0
227,Newcastle,Chelsea,1-0,https://www.besoccer.com/match/newcastle-united-fc/chelsea-fc/20209268,2020,23,premier_league,20,38,1,0,1,73.0,90.0,0.0,1.0,0.0,0.0,7.0,5.0,10.0,12.0,3.0,7.0,4.0,4.0,3.0,7.0,1.0,3.0,26.0,39.0,13.0,4.0,21.0,34.0,39.0,29.0
228,Burnley,Leicester,2-1,https://www.besoccer.com/match/burnley-fc/leicester-city-fc/20209265,2020,23,premier_league,20,38,2,1,1,71.0,83.0,0.0,0.0,0.0,2.0,7.0,3.0,12.0,14.0,3.0,5.0,5.0,0.0,6.0,7.0,1.0,3.0,24.0,45.0,15.0,3.0,24.0,37.0,47.0,21.0
229,Liverpool,Man. Utd,2-0,https://www.besoccer.com/match/liverpool/manchester-united-fc/20209266,2020,23,premier_league,20,38,2,0,1,96.0,91.0,13.0,1.0,11.0,0.0,21.0,1.0,0.0,9.0,7.0,6.0,11.0,0.0,0.0,3.0,3.0,5.0,64.0,34.0,1.0,5.0,52.0,14.0,36.0,25.0
230,Aston Villa,Watford,2-1,https://www.besoccer.com/match/aston-villa-fc/watford-fc/20209273,2020,24,premier_league,20,38,2,1,1,70.0,74.0,0.0,0.0,0.0,1.0,6.0,4.0,13.0,5.0,8.0,10.0,4.0,2.0,5.0,2.0,3.0,6.0,22.0,23.0,18.0,17.0,29.0,44.0,20.0,34.0
231,AFC Bournemouth,Brighton & Hove Albion,3-1,https://www.besoccer.com/match/afc-bournemouth/brighton-amp-hov/20209274,2020,24,premier_league,20,38,3,1,1,73.0,69.0,0.0,0.0,0.0,0.0,5.0,5.0,13.0,6.0,7.0,10.0,2.0,4.0,5.0,2.0,2.0,7.0,20.0,25.0,19.0,15.0,20.0,36.0,26.0,31.0
232,Everton,Newcastle,2-2,https://www.besoccer.com/match/everton-fc/newcastle-united-fc/20209275,2020,24,premier_league,20,38,2,2,0,78.0,73.0,0.0,1.0,2.0,0.0,8.0,5.0,10.0,8.0,5.0,10.0,6.0,2.0,3.0,3.0,1.0,7.0,29.0,29.0,12.0,10.0,26.0,33.0,22.0,34.0
233,Sheffield United,Man. City,0-1,https://www.besoccer.com/match/sheffield-united/manchester-city-fc/20209277,2020,24,premier_league,20,38,0,1,-1,64.0,96.0,0.0,0.0,1.0,1.0,8.0,9.0,6.0,15.0,3.0,5.0,5.0,2.0,4.0,7.0,1.0,3.0,33.0,48.0,7.0,2.0,25.0,22.0,64.0,27.0
234,Crystal Palace,Southampton,0-2,https://www.besoccer.com/match/crystal-palace-fc/southampton-fc/20209282,2020,24,premier_league,20,38,0,2,-1,74.0,77.0,0.0,0.0,0.0,3.0,7.0,9.0,7.0,8.0,4.0,11.0,4.0,4.0,3.0,5.0,2.0,4.0,30.0,28.0,9.0,13.0,22.0,26.0,29.0,42.0
235,Chelsea,Arsenal,2-2,https://www.besoccer.com/match/chelsea-fc/arsenal/20209280,2020,24,premier_league,20,38,2,2,0,91.0,89.0,0.0,0.0,1.0,0.0,12.0,3.0,8.0,6.0,11.0,6.0,5.0,2.0,4.0,2.0,6.0,3.0,39.0,29.0,4.0,12.0,39.0,30.0,30.0,32.0
236,Leicester,West Ham,4-1,https://www.besoccer.com/match/leicester-city-fc/west-ham-united/20209276,2020,24,premier_league,20,38,4,1,1,83.0,76.0,0.0,0.0,0.0,0.0,14.0,3.0,6.0,6.0,5.0,12.0,7.0,2.0,2.0,3.0,3.0,5.0,45.0,23.0,3.0,17.0,48.0,23.0,26.0,36.0
237,Tottenham Hotspur,Norwich City,2-1,https://www.besoccer.com/match/tottenham-hotspur-fc/norwich-city-fc/20209281,2020,24,premier_league,20,38,2,1,1,90.0,69.0,0.0,1.0,0.0,0.0,8.0,7.0,8.0,4.0,5.0,14.0,6.0,2.0,3.0,1.0,2.0,8.0,31.0,17.0,8.0,20.0,36.0,31.0,23.0,45.0
238,Man. Utd,Burnley,0-2,https://www.besoccer.com/match/manchester-united-fc/burnley-fc/20209279,2020,24,premier_league,20,38,0,2,-1,91.0,71.0,0.0,1.0,2.0,0.0,9.0,7.0,7.0,8.0,3.0,12.0,6.0,4.0,1.0,2.0,3.0,6.0,34.0,27.0,5.0,14.0,36.0,27.0,26.0,38.0
239,Wolves,Liverpool,1-2,https://www.besoccer.com/match/wolverhampton/liverpool/20209278,2020,24,premier_league,20,38,1,2,-1,75.0,96.0,1.0,14.0,0.0,6.0,8.0,10.0,5.0,22.0,1.0,0.0,4.0,5.0,2.0,10.0,1.0,0.0,34.0,67.0,7.0,1.0,34.0,30.0,54.0,14.0
240,Leicester,Chelsea,2-2,https://www.besoccer.com/match/leicester-city-fc/chelsea-fc/20209286,2020,25,premier_league,20,38,2,2,0,84.0,90.0,1.0,0.0,1.0,0.0,15.0,3.0,6.0,12.0,4.0,8.0,8.0,2.0,2.0,7.0,1.0,4.0,48.0,40.0,3.0,4.0,52.0,24.0,41.0,32.0
241,AFC Bournemouth,Aston Villa,2-1,https://www.besoccer.com/match/afc-bournemouth/aston-villa-fc/20209283,2020,25,premier_league,20,38,2,1,1,72.0,70.0,1.0,1.0,1.0,0.0,6.0,5.0,13.0,7.0,4.0,13.0,3.0,4.0,5.0,2.0,2.0,8.0,23.0,25.0,18.0,15.0,23.0,37.0,31.0,45.0
242,Crystal Palace,Sheffield United,0-1,https://www.besoccer.com/match/crystal-palace-fc/sheffield-united/20209285,2020,25,premier_league,20,38,0,1,-1,74.0,64.0,0.0,0.0,0.0,0.0,7.0,9.0,8.0,8.0,9.0,7.0,4.0,4.0,4.0,3.0,7.0,2.0,30.0,33.0,11.0,8.0,22.0,28.0,25.0,23.0
243,Liverpool,Southampton,4-0,https://www.besoccer.com/match/liverpool/southampton-fc/20209287,2020,25,premier_league,20,38,4,0,1,96.0,78.0,15.0,1.0,12.0,4.0,23.0,1.0,0.0,9.0,4.0,11.0,12.0,0.0,0.0,6.0,2.0,4.0,70.0,31.0,1.0,9.0,56.0,15.0,31.0,42.0
244,Newcastle,Norwich City,0-0,https://www.besoccer.com/match/newcastle-united-fc/norwich-city-fc/20209289,2020,25,premier_league,20,38,0,0,0,73.0,69.0,0.0,0.0,1.0,0.0,8.0,6.0,10.0,4.0,5.0,15.0,5.0,4.0,3.0,1.0,2.0,9.0,30.0,17.0,12.0,20.0,24.0,36.0,24.0,47.0
245,Watford,Everton,2-3,https://www.besoccer.com/match/watford-fc/everton-fc/20209291,2020,25,premier_league,20,38,2,3,-1,75.0,78.0,0.0,0.0,0.0,0.0,5.0,8.0,11.0,8.0,6.0,10.0,3.0,5.0,4.0,2.0,3.0,7.0,23.0,30.0,19.0,14.0,21.0,36.0,28.0,35.0
246,West Ham,Brighton & Hove Albion,3-3,https://www.besoccer.com/match/west-ham-united/brighton-amp-hov/20209292,2020,25,premier_league,20,38,3,3,0,76.0,70.0,0.0,0.0,0.0,0.0,6.0,5.0,13.0,6.0,7.0,11.0,3.0,2.0,7.0,2.0,2.0,8.0,23.0,25.0,18.0,17.0,27.0,40.0,27.0,34.0
247,Man. Utd,Wolves,0-0,https://www.besoccer.com/match/manchester-united-fc/wolverhampton/20209288,2020,25,premier_league,20,38,0,0,0,91.0,75.0,0.0,0.0,0.0,1.0,9.0,7.0,8.0,8.0,10.0,6.0,6.0,4.0,2.0,4.0,5.0,3.0,34.0,34.0,7.0,8.0,36.0,29.0,35.0,32.0
248,Burnley,Arsenal,0-0,https://www.besoccer.com/match/burnley-fc/arsenal/20209284,2020,25,premier_league,20,38,0,0,0,71.0,89.0,2.0,0.0,1.0,0.0,9.0,3.0,12.0,6.0,12.0,6.0,6.0,0.0,6.0,2.0,7.0,3.0,30.0,30.0,12.0,14.0,28.0,38.0,32.0,34.0
249,Tottenham Hotspur,Man. City,2-0,https://www.besoccer.com/match/tottenham-hotspur-fc/manchester-city-fc/20209290,2020,25,premier_league,20,38,2,0,1,90.0,96.0,1.0,1.0,1.0,2.0,9.0,7.0,8.0,16.0,3.0,5.0,7.0,2.0,3.0,8.0,1.0,3.0,34.0,51.0,8.0,2.0,38.0,32.0,65.0,27.0
250,Everton,Crystal Palace,3-1,https://www.besoccer.com/match/everton-fc/crystal-palace-fc/20209297,2020,26,premier_league,20,38,3,1,1,78.0,74.0,1.0,0.0,0.0,0.0,9.0,6.0,10.0,7.0,9.0,9.0,6.0,3.0,3.0,3.0,5.0,4.0,33.0,30.0,9.0,14.0,31.0,37.0,22.0,29.0
251,Brighton & Hove Albion,Watford,1-1,https://www.besoccer.com/match/brighton-amp-hov/watford-fc/20209295,2020,26,premier_league,20,38,1,1,0,69.0,74.0,0.0,0.0,0.0,0.0,6.0,8.0,11.0,5.0,8.0,12.0,4.0,5.0,3.0,2.0,3.0,7.0,26.0,23.0,16.0,19.0,30.0,37.0,23.0,39.0
252,Sheffield United,AFC Bournemouth,2-1,https://www.besoccer.com/match/sheffield-united/afc-bournemouth/20209300,2020,26,premier_league,20,38,2,1,1,65.0,72.0,1.0,2.0,0.0,0.0,9.0,9.0,7.0,7.0,5.0,13.0,5.0,2.0,5.0,3.0,1.0,8.0,36.0,26.0,7.0,15.0,26.0,23.0,25.0,38.0
253,Wolves,Leicester,0-0,https://www.besoccer.com/match/wolverhampton/leicester-city-fc/20209302,2020,26,premier_league,20,38,0,0,0,75.0,83.0,0.0,0.0,0.0,0.0,8.0,11.0,6.0,15.0,4.0,6.0,4.0,5.0,3.0,7.0,1.0,4.0,35.0,49.0,9.0,3.0,35.0,32.0,54.0,26.0
254,Southampton,Burnley,1-2,https://www.besoccer.com/match/southampton-fc/burnley-fc/20209301,2020,26,premier_league,20,38,1,2,-1,78.0,71.0,0.0,0.0,0.0,1.0,9.0,4.0,12.0,9.0,4.0,12.0,3.0,2.0,7.0,3.0,3.0,6.0,31.0,31.0,13.0,10.0,31.0,46.0,28.0,38.0
255,Norwich City,Liverpool,0-1,https://www.besoccer.com/match/norwich-city-fc/liverpool/20209299,2020,26,premier_league,20,38,0,1,-1,70.0,96.0,0.0,16.0,1.0,7.0,4.0,6.0,15.0,24.0,1.0,0.0,3.0,3.0,6.0,11.0,1.0,0.0,18.0,73.0,20.0,1.0,24.0,47.0,60.0,15.0
256,Aston Villa,Tottenham Hotspur,2-3,https://www.besoccer.com/match/aston-villa-fc/tottenham-hotspur-fc/20209294,2020,26,premier_league,20,38,2,3,-1,70.0,89.0,0.0,2.0,1.0,0.0,7.0,4.0,14.0,10.0,7.0,8.0,5.0,2.0,5.0,2.0,5.0,5.0,25.0,37.0,17.0,6.0,32.0,47.0,40.0,32.0
257,Arsenal,Newcastle,4-0,https://www.besoccer.com/match/arsenal/newcastle-united-fc/20209293,2020,26,premier_league,20,38,4,0,1,89.0,73.0,0.0,0.0,0.0,0.0,6.0,13.0,6.0,8.0,7.0,10.0,4.0,5.0,3.0,3.0,2.0,7.0,31.0,31.0,12.0,11.0,32.0,34.0,24.0,36.0
258,Chelsea,Man. Utd,0-2,https://www.besoccer.com/match/chelsea-fc/manchester-united-fc/20209296,2020,26,premier_league,20,38,0,2,-1,90.0,91.0,0.0,0.0,0.0,0.0,12.0,5.0,8.0,9.0,8.0,8.0,5.0,3.0,4.0,3.0,3.0,6.0,41.0,35.0,4.0,9.0,43.0,34.0,36.0,29.0
259,Man. City,West Ham,2-0,https://www.besoccer.com/match/manchester-city-fc/west-ham-united/20209298,2020,26,premier_league,20,38,2,0,1,97.0,76.0,0.0,0.0,0.0,0.0,16.0,3.0,6.0,6.0,6.0,13.0,8.0,2.0,2.0,3.0,3.0,6.0,51.0,24.0,2.0,18.0,65.0,29.0,30.0,43.0
260,Chelsea,Tottenham Hotspur,2-1,https://www.besoccer.com/match/chelsea-fc/tottenham-hotspur-fc/20209305,2020,27,premier_league,20,38,2,1,1,90.0,89.0,0.0,3.0,0.0,1.0,12.0,5.0,9.0,11.0,7.0,8.0,5.0,3.0,5.0,3.0,5.0,5.0,41.0,40.0,4.0,5.0,43.0,36.0,43.0,34.0
261,Burnley,AFC Bournemouth,3-0,https://www.besoccer.com/match/burnley-fc/afc-bournemouth/20209304,2020,27,premier_league,20,38,3,0,1,72.0,72.0,1.0,0.0,0.0,0.0,10.0,4.0,12.0,7.0,5.0,14.0,6.0,1.0,6.0,3.0,1.0,9.0,34.0,26.0,10.0,16.0,30.0,39.0,26.0,40.0
262,Crystal Palace,Newcastle,1-0,https://www.besoccer.com/match/crystal-palace-fc/newcastle-united-fc/20209306,2020,27,premier_league,20,38,1,0,1,74.0,73.0,0.0,0.0,0.0,0.0,7.0,9.0,10.0,8.0,7.0,11.0,4.0,4.0,5.0,3.0,2.0,8.0,30.0,31.0,14.0,12.0,23.0,32.0,24.0,40.0
263,Sheffield United,Brighton & Hove Albion,1-1,https://www.besoccer.com/match/sheffield-united/brighton-amp-hov/20209310,2020,27,premier_league,20,38,1,1,0,65.0,69.0,2.0,0.0,1.0,0.0,10.0,9.0,7.0,6.0,9.0,11.0,6.0,2.0,5.0,2.0,3.0,8.0,39.0,27.0,6.0,15.0,28.0,24.0,31.0,38.0
264,Southampton,Aston Villa,2-0,https://www.besoccer.com/match/southampton-fc/aston-villa-fc/20209311,2020,27,premier_league,20,38,2,0,1,78.0,70.0,0.0,0.0,0.0,0.0,9.0,4.0,13.0,7.0,4.0,15.0,3.0,2.0,8.0,2.0,2.0,9.0,31.0,25.0,14.0,17.0,32.0,48.0,34.0,50.0
265,Leicester,Man. City,0-1,https://www.besoccer.com/match/leicester-city-fc/manchester-city-fc/20209307,2020,27,premier_league,20,38,0,1,-1,83.0,96.0,0.0,1.0,0.0,0.0,15.0,5.0,6.0,17.0,3.0,6.0,8.0,3.0,2.0,8.0,1.0,4.0,50.0,54.0,3.0,2.0,54.0,26.0,67.0,29.0
266,Man. Utd,Watford,3-0,https://www.besoccer.com/match/manchester-united-fc/watford-fc/20209309,2020,27,premier_league,20,38,3,0,1,90.0,74.0,1.0,0.0,0.0,0.0,10.0,8.0,8.0,5.0,9.0,12.0,6.0,5.0,2.0,2.0,4.0,7.0,38.0,24.0,7.0,19.0,38.0,29.0,24.0,40.0
267,Wolves,Norwich City,3-0,https://www.besoccer.com/match/wolverhampton/norwich-city-fc/20209312,2020,27,premier_league,20,38,3,0,1,75.0,70.0,0.0,0.0,0.0,0.0,8.0,12.0,6.0,4.0,6.0,16.0,4.0,6.0,3.0,1.0,3.0,9.0,36.0,18.0,10.0,20.0,35.0,32.0,24.0,48.0
268,Arsenal,Everton,3-2,https://www.besoccer.com/match/arsenal/everton-fc/20209303,2020,27,premier_league,20,38,3,2,1,89.0,78.0,1.0,2.0,1.0,1.0,7.0,13.0,6.0,10.0,6.0,10.0,5.0,5.0,3.0,3.0,3.0,7.0,34.0,36.0,11.0,9.0,36.0,34.0,34.0,38.0
269,Liverpool,West Ham,3-2,https://www.besoccer.com/match/liverpool/west-ham-united/20209308,2020,27,premier_league,20,38,3,2,1,96.0,75.0,17.0,0.0,13.0,0.0,25.0,1.0,0.0,6.0,6.0,14.0,13.0,0.0,0.0,3.0,3.0,7.0,76.0,24.0,1.0,18.0,61.0,15.0,30.0,45.0
270,Norwich City,Leicester,1-0,https://www.besoccer.com/match/norwich-city-fc/leicester-city-fc/20209319,2020,28,premier_league,20,38,1,0,1,70.0,83.0,0.0,0.0,0.0,0.0,4.0,6.0,17.0,15.0,5.0,7.0,3.0,3.0,7.0,7.0,2.0,4.0,18.0,50.0,20.0,3.0,24.0,51.0,54.0,27.0
271,Brighton & Hove Albion,Crystal Palace,0-1,https://www.besoccer.com/match/brighton-amp-hov/crystal-palace-fc/20209315,2020,28,premier_league,20,38,0,1,-1,69.0,74.0,0.0,1.0,0.0,0.0,6.0,10.0,11.0,8.0,9.0,10.0,4.0,6.0,3.0,3.0,5.0,5.0,28.0,33.0,15.0,13.0,32.0,39.0,24.0,32.0
272,AFC Bournemouth,Chelsea,2-2,https://www.besoccer.com/match/afc-bournemouth/chelsea-fc/20209314,2020,28,premier_league,20,38,2,2,0,72.0,90.0,0.0,1.0,2.0,0.0,7.0,5.0,15.0,13.0,5.0,9.0,4.0,4.0,5.0,7.0,2.0,4.0,26.0,44.0,16.0,4.0,26.0,43.0,45.0,37.0
273,Newcastle,Burnley,0-0,https://www.besoccer.com/match/newcastle-united-fc/burnley-fc/20209318,2020,28,premier_league,20,38,0,0,0,73.0,71.0,0.0,2.0,0.0,2.0,8.0,7.0,12.0,11.0,4.0,12.0,5.0,5.0,3.0,4.0,3.0,6.0,31.0,37.0,14.0,9.0,24.0,41.0,33.0,39.0
274,West Ham,Southampton,3-1,https://www.besoccer.com/match/west-ham-united/southampton-fc/20209322,2020,28,premier_league,20,38,3,1,1,75.0,79.0,0.0,1.0,0.0,0.0,6.0,6.0,15.0,10.0,4.0,13.0,3.0,3.0,7.0,6.0,2.0,5.0,24.0,34.0,18.0,13.0,32.0,48.0,34.0,48.0
275,Watford,Liverpool,3-0,https://www.besoccer.com/match/watford-fc/liverpool/20209321,2020,28,premier_league,20,38,3,0,1,74.0,96.0,0.0,18.0,0.0,8.0,5.0,9.0,13.0,26.0,1.0,0.0,3.0,5.0,5.0,12.0,1.0,0.0,24.0,79.0,19.0,1.0,24.0,43.0,64.0,17.0
276,Everton,Man. Utd,1-1,https://www.besoccer.com/match/everton-fc/manchester-united-fc/20209316,2020,28,premier_league,20,38,1,1,0,78.0,91.0,0.0,2.0,1.0,1.0,10.0,6.0,11.0,11.0,8.0,8.0,7.0,3.0,3.0,4.0,3.0,6.0,36.0,41.0,12.0,5.0,36.0,41.0,41.0,29.0
277,Tottenham Hotspur,Wolves,2-3,https://www.besoccer.com/match/tottenham-hotspur-fc/wolverhampton/20209320,2020,28,premier_league,20,38,2,3,-1,89.0,75.0,0.0,1.0,2.0,0.0,11.0,7.0,9.0,9.0,12.0,6.0,8.0,2.0,3.0,4.0,6.0,3.0,40.0,39.0,6.0,8.0,44.0,36.0,38.0,32.0
278,Aston Villa,Sheffield United,0-0,https://www.besoccer.com/match/aston-villa-fc/sheffield-united/20209313,2020,28,premier_league,20,38,0,0,0,71.0,65.0,0.0,0.0,0.0,1.0,7.0,4.0,16.0,10.0,10.0,7.0,5.0,2.0,6.0,4.0,7.0,2.0,25.0,40.0,19.0,7.0,34.0,52.0,29.0,25.0
279,Man. City,Arsenal,3-0,https://www.besoccer.com/match/manchester-city-fc/arsenal/20209317,2020,28,premier_league,20,38,3,0,1,96.0,89.0,2.0,2.0,1.0,0.0,18.0,3.0,6.0,8.0,13.0,6.0,9.0,2.0,2.0,2.0,8.0,3.0,57.0,37.0,2.0,10.0,68.0,29.0,39.0,36.0
280,Liverpool,AFC Bournemouth,2-1,https://www.besoccer.com/match/liverpool/afc-bournemouth/20209328,2020,29,premier_league,20,38,2,1,1,96.0,72.0,0.0,0.0,14.0,0.0,26.0,1.0,1.0,7.0,6.0,15.0,14.0,0.0,0.0,3.0,1.0,10.0,79.0,27.0,1.0,17.0,64.0,20.0,28.0,45.0
281,Arsenal,West Ham,1-0,https://www.besoccer.com/match/arsenal/west-ham-united/20209323,2020,29,premier_league,20,38,1,0,1,89.0,75.0,0.0,1.0,2.0,0.0,8.0,13.0,7.0,7.0,6.0,15.0,6.0,5.0,3.0,3.0,3.0,8.0,37.0,27.0,10.0,16.0,39.0,39.0,35.0,49.0
282,Crystal Palace,Watford,1-0,https://www.besoccer.com/match/crystal-palace-fc/watford-fc/20209326,2020,29,premier_league,20,38,1,0,1,73.0,74.0,2.0,1.0,1.0,0.0,9.0,9.0,10.0,6.0,9.0,13.0,5.0,4.0,5.0,2.0,4.0,8.0,36.0,27.0,12.0,18.0,25.0,32.0,27.0,43.0
283,Sheffield United,Norwich City,1-0,https://www.besoccer.com/match/sheffield-united/norwich-city-fc/20209330,2020,29,premier_league,20,38,1,0,1,66.0,70.0,0.0,1.0,0.0,0.0,10.0,11.0,7.0,5.0,6.0,17.0,6.0,3.0,5.0,1.0,3.0,10.0,41.0,21.0,7.0,20.0,29.0,25.0,25.0,51.0
284,Southampton,Newcastle,0-1,https://www.besoccer.com/match/southampton-fc/newcastle-united-fc/20209331,2020,29,premier_league,20,38,0,1,-1,78.0,73.0,0.0,0.0,1.0,0.0,10.0,4.0,14.0,8.0,8.0,12.0,4.0,2.0,8.0,3.0,2.0,9.0,34.0,32.0,13.0,14.0,35.0,51.0,24.0,41.0
285,Wolves,Brighton & Hove Albion,0-0,https://www.besoccer.com/match/wolverhampton/brighton-amp-hov/20209332,2020,29,premier_league,20,38,0,0,0,75.0,69.0,2.0,0.0,1.0,0.0,10.0,12.0,6.0,6.0,10.0,12.0,5.0,6.0,3.0,2.0,4.0,8.0,42.0,28.0,7.0,15.0,41.0,34.0,32.0,40.0
286,Burnley,Tottenham Hotspur,1-1,https://www.besoccer.com/match/burnley-fc/tottenham-hotspur-fc/20209324,2020,29,premier_league,20,38,1,1,0,72.0,90.0,0.0,0.0,1.0,0.0,11.0,5.0,12.0,11.0,7.0,10.0,7.0,1.0,6.0,3.0,5.0,6.0,38.0,40.0,11.0,8.0,33.0,39.0,46.0,39.0
287,Chelsea,Everton,4-0,https://www.besoccer.com/match/chelsea-fc/everton-fc/20209325,2020,29,premier_league,20,38,4,0,1,90.0,78.0,0.0,0.0,1.0,0.0,13.0,6.0,9.0,10.0,7.0,11.0,6.0,3.0,5.0,3.0,3.0,8.0,45.0,37.0,4.0,12.0,47.0,39.0,37.0,42.0
288,Man. Utd,Man. City,2-0,https://www.besoccer.com/match/manchester-united-fc/manchester-city-fc/20209329,2020,29,premier_league,20,38,2,0,1,91.0,96.0,0.0,3.0,1.0,1.0,11.0,9.0,8.0,19.0,3.0,6.0,7.0,5.0,2.0,9.0,1.0,4.0,42.0,60.0,7.0,2.0,42.0,30.0,71.0,29.0
289,Leicester,Aston Villa,4-0,https://www.besoccer.com/match/leicester-city-fc/aston-villa-fc/20209327,2020,29,premier_league,20,38,4,0,1,83.0,70.0,0.0,0.0,0.0,0.0,15.0,5.0,8.0,7.0,5.0,16.0,8.0,3.0,3.0,2.0,2.0,10.0,50.0,26.0,3.0,19.0,54.0,28.0,34.0,52.0
290,Norwich City,Southampton,0-3,https://www.besoccer.com/match/norwich-city-fc/southampton-fc/20209339,2020,30,premier_league,20,38,0,3,-1,70.0,78.0,0.0,0.0,1.0,0.0,5.0,6.0,18.0,10.0,4.0,15.0,4.0,3.0,7.0,6.0,2.0,6.0,21.0,34.0,20.0,14.0,25.0,52.0,35.0,52.0
291,Tottenham Hotspur,Man. Utd,1-1,https://www.besoccer.com/match/tottenham-hotspur-fc/manchester-united-fc/20209340,2020,30,premier_league,20,38,1,1,0,90.0,91.0,0.0,1.0,0.0,0.0,11.0,8.0,10.0,12.0,9.0,8.0,8.0,2.0,4.0,4.0,4.0,6.0,41.0,45.0,8.0,5.0,47.0,40.0,44.0,30.0
292,Watford,Leicester,1-1,https://www.besoccer.com/match/watford-fc/leicester-city-fc/20209341,2020,30,premier_league,20,38,1,1,0,74.0,83.0,0.0,1.0,1.0,0.0,6.0,9.0,14.0,16.0,5.0,8.0,4.0,5.0,5.0,7.0,2.0,5.0,27.0,53.0,18.0,3.0,27.0,44.0,58.0,28.0
293,Brighton & Hove Albion,Arsenal,2-1,https://www.besoccer.com/match/brighton-amp-hov/arsenal/20209335,2020,30,premier_league,20,38,2,1,1,69.0,89.0,0.0,1.0,0.0,0.0,6.0,11.0,12.0,9.0,13.0,7.0,4.0,6.0,4.0,2.0,8.0,4.0,29.0,40.0,15.0,9.0,32.0,40.0,40.0,39.0
294,West Ham,Wolves,0-2,https://www.besoccer.com/match/west-ham-united/wolverhampton/20209342,2020,30,premier_league,20,38,0,2,-1,75.0,75.0,0.0,0.0,1.0,1.0,7.0,6.0,16.0,10.0,13.0,6.0,4.0,3.0,7.0,5.0,6.0,3.0,27.0,43.0,17.0,7.0,35.0,50.0,41.0,34.0
295,AFC Bournemouth,Crystal Palace,0-2,https://www.besoccer.com/match/afc-bournemouth/crystal-palace-fc/20209334,2020,30,premier_league,20,38,0,2,-1,72.0,73.0,0.0,3.0,0.0,1.0,7.0,6.0,16.0,10.0,9.0,10.0,4.0,5.0,5.0,4.0,5.0,5.0,27.0,39.0,18.0,11.0,29.0,47.0,26.0,32.0
296,Newcastle,Sheffield United,3-0,https://www.besoccer.com/match/newcastle-united-fc/sheffield-united/20209338,2020,30,premier_league,20,38,3,0,1,73.0,66.0,1.0,1.0,0.0,0.0,9.0,8.0,12.0,11.0,11.0,7.0,5.0,6.0,3.0,4.0,8.0,2.0,35.0,44.0,14.0,7.0,25.0,41.0,30.0,25.0
297,Aston Villa,Chelsea,1-2,https://www.besoccer.com/match/aston-villa-fc/chelsea-fc/20209333,2020,30,premier_league,20,38,1,2,-1,70.0,90.0,0.0,1.0,0.0,0.0,7.0,5.0,17.0,14.0,6.0,9.0,5.0,3.0,6.0,7.0,3.0,4.0,26.0,48.0,19.0,4.0,34.0,56.0,51.0,39.0
298,Everton,Liverpool,0-0,https://www.besoccer.com/match/everton-fc/liverpool/20209336,2020,30,premier_league,20,38,0,0,0,78.0,96.0,0.0,1.0,0.0,0.0,10.0,7.0,12.0,27.0,1.0,1.0,7.0,4.0,3.0,12.0,1.0,1.0,37.0,82.0,13.0,1.0,37.0,46.0,66.0,21.0
299,Man. City,Burnley,5-0,https://www.besoccer.com/match/manchester-city-fc/burnley-fc/20209337,2020,30,premier_league,20,38,5,0,1,96.0,72.0,0.0,0.0,2.0,0.0,19.0,3.0,7.0,11.0,6.0,12.0,10.0,2.0,2.0,4.0,4.0,6.0,60.0,39.0,2.0,11.0,71.0,31.0,34.0,40.0
300,Leicester,Brighton & Hove Albion,0-0,https://www.besoccer.com/match/leicester-city-fc/brighton-amp-hov/20209345,2020,31,premier_league,20,38,0,0,0,83.0,69.0,0.0,1.0,1.0,0.0,16.0,6.0,8.0,7.0,11.0,12.0,9.0,3.0,3.0,2.0,5.0,8.0,54.0,32.0,3.0,15.0,59.0,29.0,34.0,41.0
301,Tottenham Hotspur,West Ham,2-0,https://www.besoccer.com/match/tottenham-hotspur-fc/west-ham-united/20209351,2020,31,premier_league,20,38,2,0,1,89.0,75.0,0.0,0.0,0.0,0.0,11.0,9.0,10.0,7.0,6.0,17.0,8.0,3.0,4.0,3.0,3.0,9.0,42.0,27.0,9.0,17.0,48.0,41.0,35.0,52.0
302,Man. Utd,Sheffield United,3-0,https://www.besoccer.com/match/manchester-united-fc/sheffield-united/20209347,2020,31,premier_league,20,38,3,0,1,91.0,66.0,0.0,0.0,2.0,0.0,12.0,10.0,8.0,11.0,11.0,8.0,8.0,5.0,2.0,4.0,8.0,3.0,46.0,44.0,5.0,7.0,45.0,31.0,30.0,28.0
303,Newcastle,Aston Villa,1-1,https://www.besoccer.com/match/newcastle-united-fc/aston-villa-fc/20209348,2020,31,premier_league,20,38,1,1,0,73.0,70.0,2.0,0.0,1.0,0.0,10.0,8.0,12.0,7.0,5.0,18.0,6.0,6.0,3.0,2.0,2.0,11.0,38.0,26.0,12.0,19.0,28.0,41.0,35.0,58.0
304,Norwich City,Everton,0-1,https://www.besoccer.com/match/norwich-city-fc/everton-fc/20209349,2020,31,premier_league,20,38,0,1,-1,70.0,78.0,0.0,0.0,0.0,0.0,5.0,6.0,19.0,10.0,8.0,12.0,4.0,3.0,8.0,3.0,3.0,9.0,21.0,38.0,20.0,13.0,25.0,55.0,37.0,46.0
305,Wolves,AFC Bournemouth,1-0,https://www.besoccer.com/match/wolverhampton/afc-bournemouth/20209352,2020,31,premier_league,20,38,1,0,1,76.0,72.0,1.0,0.0,0.0,0.0,11.0,13.0,6.0,7.0,6.0,17.0,5.0,7.0,3.0,3.0,1.0,11.0,46.0,27.0,6.0,18.0,43.0,34.0,29.0,49.0
306,Liverpool,Crystal Palace,4-0,https://www.besoccer.com/match/liverpool/crystal-palace-fc/20209346,2020,31,premier_league,20,38,4,0,1,96.0,73.0,0.0,4.0,15.0,2.0,27.0,2.0,1.0,11.0,9.0,10.0,15.0,0.0,0.0,5.0,5.0,5.0,83.0,42.0,1.0,9.0,66.0,21.0,28.0,32.0
307,Burnley,Watford,1-0,https://www.besoccer.com/match/burnley-fc/watford-fc/20209343,2020,31,premier_league,20,38,1,0,1,72.0,74.0,0.0,0.0,0.0,0.0,11.0,6.0,13.0,6.0,10.0,14.0,7.0,2.0,6.0,2.0,4.0,9.0,39.0,28.0,12.0,16.0,34.0,45.0,28.0,45.0
308,Southampton,Arsenal,0-2,https://www.besoccer.com/match/southampton-fc/arsenal/20209350,2020,31,premier_league,20,38,0,2,-1,78.0,90.0,1.0,0.0,0.0,0.0,11.0,4.0,15.0,9.0,13.0,8.0,4.0,2.0,9.0,2.0,8.0,5.0,37.0,40.0,14.0,11.0,38.0,52.0,41.0,41.0
309,Chelsea,Man. City,2-1,https://www.besoccer.com/match/chelsea-fc/manchester-city-fc/20209344,2020,31,premier_league,20,38,2,1,1,90.0,96.0,2.0,1.0,2.0,0.0,15.0,6.0,9.0,20.0,3.0,7.0,7.0,3.0,5.0,9.0,1.0,5.0,51.0,63.0,4.0,2.0,53.0,40.0,76.0,31.0
310,Aston Villa,Wolves,0-1,https://www.besoccer.com/match/aston-villa-fc/wolverhampton/20209354,2020,32,premier_league,20,38,0,1,-1,70.0,76.0,0.0,2.0,0.0,2.0,7.0,6.0,18.0,12.0,13.0,6.0,5.0,3.0,7.0,6.0,6.0,3.0,27.0,49.0,19.0,6.0,36.0,59.0,44.0,34.0
311,Watford,Southampton,1-3,https://www.besoccer.com/match/watford-fc/southampton-fc/20209361,2020,32,premier_league,20,38,1,3,-1,75.0,78.0,0.0,0.0,0.0,1.0,6.0,10.0,15.0,11.0,4.0,16.0,4.0,6.0,5.0,7.0,2.0,6.0,28.0,37.0,16.0,14.0,28.0,46.0,38.0,54.0
312,Crystal Palace,Burnley,0-1,https://www.besoccer.com/match/crystal-palace-fc/burnley-fc/20209357,2020,32,premier_league,20,38,0,1,-1,74.0,72.0,0.0,1.0,2.0,0.0,11.0,9.0,11.0,12.0,6.0,13.0,6.0,4.0,5.0,4.0,4.0,7.0,42.0,42.0,11.0,10.0,28.0,36.0,35.0,45.0
313,Brighton & Hove Albion,Man. Utd,0-3,https://www.besoccer.com/match/brighton-amp-hov/manchester-united-fc/20209356,2020,32,premier_league,20,38,0,3,-1,69.0,91.0,0.0,1.0,1.0,0.0,7.0,12.0,12.0,13.0,10.0,8.0,5.0,6.0,4.0,4.0,5.0,6.0,33.0,49.0,15.0,6.0,34.0,41.0,48.0,31.0
314,Arsenal,Norwich City,4-0,https://www.besoccer.com/match/arsenal/norwich-city-fc/20209353,2020,32,premier_league,20,38,4,0,1,89.0,70.0,1.0,0.0,3.0,0.0,10.0,13.0,8.0,5.0,6.0,20.0,7.0,5.0,3.0,1.0,3.0,11.0,43.0,21.0,10.0,20.0,43.0,41.0,25.0,56.0
315,AFC Bournemouth,Newcastle,1-4,https://www.besoccer.com/match/afc-bournemouth/newcastle-united-fc/20209355,2020,32,premier_league,20,38,1,4,-1,71.0,73.0,0.0,0.0,0.0,1.0,7.0,6.0,18.0,10.0,9.0,12.0,4.0,5.0,6.0,4.0,2.0,9.0,27.0,39.0,18.0,14.0,29.0,50.0,29.0,42.0
316,Everton,Leicester,2-1,https://www.besoccer.com/match/everton-fc/leicester-city-fc/20209358,2020,32,premier_league,20,38,2,1,1,78.0,83.0,1.0,0.0,0.0,0.0,11.0,8.0,12.0,16.0,7.0,8.0,7.0,5.0,3.0,7.0,3.0,5.0,41.0,55.0,12.0,3.0,38.0,46.0,59.0,29.0
317,West Ham,Chelsea,3-2,https://www.besoccer.com/match/west-ham-united/chelsea-fc/20209362,2020,32,premier_league,20,38,3,2,1,75.0,90.0,0.0,3.0,0.0,1.0,7.0,6.0,18.0,16.0,6.0,9.0,4.0,3.0,8.0,8.0,3.0,4.0,27.0,54.0,17.0,4.0,35.0,54.0,55.0,41.0
318,Sheffield United,Tottenham Hotspur,3-1,https://www.besoccer.com/match/sheffield-united/tottenham-hotspur-fc/20209360,2020,32,premier_league,20,38,3,1,1,66.0,89.0,0.0,1.0,1.0,0.0,11.0,11.0,9.0,12.0,9.0,10.0,7.0,3.0,5.0,3.0,6.0,6.0,44.0,45.0,11.0,9.0,30.0,31.0,50.0,41.0
319,Man. City,Liverpool,4-0,https://www.besoccer.com/match/manchester-city-fc/liverpool/20209359,2020,32,premier_league,20,38,4,0,1,97.0,95.0,0.0,1.0,3.0,0.0,20.0,3.0,8.0,28.0,2.0,1.0,11.0,2.0,2.0,12.0,2.0,1.0,63.0,86.0,2.0,1.0,77.0,33.0,70.0,21.0
320,Norwich City,Brighton & Hove Albion,0-1,https://www.besoccer.com/match/norwich-city-fc/brighton-amp-hov/20209369,2020,33,premier_league,20,38,0,1,-1,70.0,69.0,0.0,0.0,0.0,0.0,5.0,6.0,21.0,7.0,12.0,13.0,4.0,3.0,9.0,2.0,6.0,8.0,21.0,33.0,20.0,15.0,25.0,60.0,34.0,44.0
321,Leicester,Crystal Palace,3-0,https://www.besoccer.com/match/leicester-city-fc/crystal-palace-fc/20209365,2020,33,premier_league,20,38,3,0,1,83.0,74.0,0.0,0.0,0.0,0.0,16.0,7.0,9.0,11.0,9.0,12.0,9.0,4.0,3.0,5.0,5.0,6.0,55.0,42.0,3.0,12.0,60.0,31.0,28.0,37.0
322,Man. Utd,AFC Bournemouth,5-2,https://www.besoccer.com/match/manchester-united-fc/afc-bournemouth/20209367,2020,33,premier_league,20,38,5,2,1,91.0,71.0,2.0,0.0,3.0,0.0,14.0,10.0,8.0,7.0,6.0,19.0,9.0,5.0,2.0,3.0,1.0,12.0,52.0,27.0,5.0,18.0,51.0,31.0,30.0,54.0
323,Wolves,Arsenal,0-2,https://www.besoccer.com/match/wolverhampton/arsenal/20209372,2020,33,premier_league,20,38,0,2,-1,76.0,89.0,3.0,2.0,1.0,1.0,13.0,13.0,6.0,11.0,13.0,8.0,6.0,7.0,3.0,3.0,8.0,5.0,52.0,46.0,6.0,8.0,45.0,34.0,47.0,41.0
324,Chelsea,Watford,3-0,https://www.besoccer.com/match/chelsea-fc/watford-fc/20209364,2020,33,premier_league,20,38,3,0,1,90.0,74.0,0.0,0.0,3.0,0.0,16.0,6.0,10.0,6.0,10.0,16.0,8.0,3.0,5.0,2.0,4.0,10.0,54.0,28.0,5.0,17.0,57.0,44.0,29.0,49.0
325,Burnley,Sheffield United,1-1,https://www.besoccer.com/match/burnley-fc/sheffield-united/20209363,2020,33,premier_league,20,38,1,1,0,72.0,66.0,2.0,1.0,1.0,0.0,13.0,6.0,13.0,12.0,11.0,9.0,8.0,2.0,6.0,4.0,8.0,4.0,45.0,47.0,9.0,8.0,36.0,45.0,33.0,32.0
326,Newcastle,West Ham,2-2,https://www.besoccer.com/match/newcastle-united-fc/west-ham-united/20209368,2020,33,premier_league,20,38,2,2,0,73.0,75.0,1.0,1.0,0.0,0.0,11.0,9.0,12.0,8.0,6.0,18.0,6.0,7.0,3.0,3.0,3.0,10.0,42.0,30.0,13.0,16.0,33.0,43.0,38.0,56.0
327,Liverpool,Aston Villa,2-0,https://www.besoccer.com/match/liverpool/aston-villa-fc/20209366,2020,33,premier_league,20,38,2,0,1,95.0,70.0,0.0,0.0,16.0,0.0,28.0,2.0,2.0,7.0,6.0,19.0,16.0,0.0,0.0,2.0,3.0,11.0,86.0,27.0,1.0,19.0,70.0,25.0,36.0,60.0
328,Southampton,Man. City,1-0,https://www.besoccer.com/match/southampton-fc/manchester-city-fc/20209370,2020,33,premier_league,20,38,1,0,1,78.0,96.0,1.0,1.0,0.0,0.0,12.0,4.0,16.0,21.0,3.0,8.0,4.0,2.0,10.0,9.0,1.0,6.0,40.0,66.0,14.0,2.0,41.0,55.0,81.0,33.0
329,Tottenham Hotspur,Everton,1-0,https://www.besoccer.com/match/tottenham-hotspur-fc/everton-fc/20209371,2020,33,premier_league,20,38,1,0,1,88.0,78.0,0.0,2.0,1.0,1.0,12.0,9.0,11.0,12.0,8.0,12.0,9.0,3.0,4.0,4.0,3.0,9.0,45.0,44.0,10.0,11.0,51.0,44.0,40.0,47.0
330,Watford,Norwich City,2-1,https://www.besoccer.com/match/watford-fc/norwich-city-fc/20209381,2020,34,premier_league,20,38,2,1,1,74.0,70.0,0.0,0.0,0.0,0.0,6.0,10.0,17.0,5.0,6.0,22.0,4.0,6.0,6.0,1.0,3.0,12.0,28.0,21.0,17.0,20.0,29.0,52.0,25.0,61.0
331,Crystal Palace,Chelsea,2-3,https://www.besoccer.com/match/crystal-palace-fc/chelsea-fc/20209377,2020,34,premier_league,20,38,2,3,-1,74.0,90.0,0.0,1.0,0.0,0.0,11.0,9.0,13.0,17.0,6.0,10.0,6.0,4.0,6.0,8.0,3.0,5.0,42.0,57.0,14.0,4.0,28.0,40.0,60.0,44.0
332,Arsenal,Leicester,1-1,https://www.besoccer.com/match/arsenal/leicester-city-fc/20209373,2020,34,premier_league,20,38,1,1,0,89.0,83.0,3.0,1.0,4.0,0.0,12.0,13.0,8.0,17.0,7.0,9.0,8.0,5.0,3.0,7.0,3.0,6.0,49.0,58.0,7.0,3.0,49.0,41.0,63.0,31.0
333,Man. City,Newcastle,5-0,https://www.besoccer.com/match/manchester-city-fc/newcastle-united-fc/20209379,2020,34,premier_league,20,38,5,0,1,96.0,73.0,0.0,0.0,4.0,2.0,21.0,3.0,9.0,11.0,10.0,12.0,12.0,2.0,2.0,5.0,2.0,9.0,66.0,43.0,2.0,12.0,81.0,34.0,35.0,45.0
334,Sheffield United,Wolves,1-0,https://www.besoccer.com/match/sheffield-united/wolverhampton/20209380,2020,34,premier_league,20,38,1,0,1,66.0,76.0,0.0,0.0,2.0,3.0,12.0,12.0,9.0,13.0,13.0,7.0,8.0,3.0,5.0,7.0,6.0,3.0,48.0,52.0,9.0,6.0,34.0,33.0,45.0,36.0
335,West Ham,Burnley,0-1,https://www.besoccer.com/match/west-ham-united/burnley-fc/20209382,2020,34,premier_league,20,38,0,1,-1,75.0,72.0,0.0,0.0,1.0,1.0,8.0,7.0,18.0,13.0,7.0,13.0,5.0,3.0,8.0,5.0,4.0,7.0,31.0,46.0,16.0,10.0,40.0,58.0,37.0,46.0
336,Brighton & Hove Albion,Liverpool,1-3,https://www.besoccer.com/match/brighton-amp-hov/liverpool/20209376,2020,34,premier_league,20,38,1,3,-1,69.0,95.0,1.0,1.0,0.0,0.0,8.0,12.0,13.0,29.0,2.0,2.0,5.0,6.0,5.0,12.0,2.0,2.0,36.0,89.0,15.0,1.0,35.0,44.0,72.0,25.0
337,AFC Bournemouth,Tottenham Hotspur,0-0,https://www.besoccer.com/match/afc-bournemouth/tottenham-hotspur-fc/20209375,2020,34,premier_league,20,38,0,0,0,71.0,88.0,0.0,1.0,0.0,0.0,7.0,6.0,20.0,13.0,9.0,11.0,4.0,5.0,7.0,3.0,6.0,7.0,27.0,48.0,18.0,10.0,32.0,59.0,52.0,44.0
338,Everton,Southampton,1-1,https://www.besoccer.com/match/everton-fc/southampton-fc/20209378,2020,34,premier_league,20,38,1,1,0,78.0,78.0,0.0,2.0,1.0,2.0,12.0,8.0,13.0,13.0,4.0,16.0,8.0,5.0,3.0,8.0,2.0,6.0,44.0,43.0,11.0,13.0,40.0,48.0,42.0,55.0
339,Aston Villa,Man. Utd,0-3,https://www.besoccer.com/match/aston-villa-fc/manchester-united-fc/20209374,2020,34,premier_league,20,38,0,3,-1,70.0,91.0,0.0,3.0,0.0,1.0,7.0,6.0,20.0,15.0,10.0,8.0,5.0,3.0,8.0,5.0,5.0,6.0,27.0,55.0,19.0,5.0,36.0,62.0,56.0,33.0
340,Watford,Newcastle,2-1,https://www.besoccer.com/match/watford-fc/newcastle-united-fc/20209391,2020,35,premier_league,20,38,2,1,1,74.0,73.0,1.0,0.0,1.0,0.0,7.0,10.0,17.0,11.0,10.0,13.0,5.0,6.0,6.0,5.0,2.0,10.0,31.0,43.0,17.0,13.0,31.0,53.0,35.0,50.0
341,Norwich City,West Ham,0-4,https://www.besoccer.com/match/norwich-city-fc/west-ham-united/20209388,2020,35,premier_league,20,38,0,4,-1,70.0,75.0,0.0,0.0,0.0,0.0,5.0,6.0,23.0,8.0,7.0,19.0,4.0,3.0,10.0,3.0,4.0,10.0,21.0,31.0,20.0,16.0,26.0,63.0,40.0,59.0
342,Liverpool,Burnley,1-1,https://www.besoccer.com/match/liverpool/burnley-fc/20209386,2020,35,premier_league,20,38,1,1,0,95.0,72.0,2.0,1.0,17.0,2.0,30.0,2.0,2.0,14.0,7.0,13.0,17.0,0.0,0.0,6.0,4.0,7.0,92.0,49.0,1.0,9.0,75.0,26.0,38.0,46.0
343,Sheffield United,Chelsea,3-0,https://www.besoccer.com/match/sheffield-united/chelsea-fc/20209389,2020,35,premier_league,20,38,3,0,1,66.0,90.0,1.0,2.0,3.0,1.0,13.0,12.0,9.0,18.0,6.0,10.0,9.0,3.0,5.0,9.0,3.0,5.0,51.0,60.0,7.0,3.0,35.0,33.0,63.0,46.0
344,Brighton & Hove Albion,Man. City,0-5,https://www.besoccer.com/match/brighton-amp-hov/manchester-city-fc/20209385,2020,35,premier_league,20,38,0,5,-1,69.0,96.0,0.0,1.0,0.0,0.0,8.0,12.0,14.0,22.0,3.0,9.0,5.0,6.0,6.0,9.0,1.0,7.0,36.0,69.0,15.0,2.0,36.0,47.0,86.0,34.0
345,Wolves,Everton,3-0,https://www.besoccer.com/match/wolverhampton/everton-fc/20209392,2020,35,premier_league,20,38,3,0,1,76.0,78.0,0.0,0.0,0.0,0.0,13.0,13.0,8.0,12.0,9.0,13.0,6.0,7.0,4.0,4.0,3.0,10.0,52.0,45.0,7.0,11.0,45.0,37.0,41.0,49.0
346,Aston Villa,Crystal Palace,2-0,https://www.besoccer.com/match/aston-villa-fc/crystal-palace-fc/20209383,2020,35,premier_league,20,38,2,0,1,70.0,74.0,0.0,0.0,0.0,0.0,7.0,6.0,21.0,11.0,9.0,14.0,5.0,3.0,9.0,5.0,5.0,7.0,27.0,42.0,19.0,14.0,36.0,65.0,30.0,43.0
347,Tottenham Hotspur,Arsenal,2-1,https://www.besoccer.com/match/tottenham-hotspur-fc/arsenal/20209390,2020,35,premier_league,20,38,2,1,1,88.0,89.0,0.0,0.0,2.0,2.0,13.0,10.0,11.0,12.0,14.0,8.0,10.0,3.0,4.0,4.0,8.0,5.0,49.0,50.0,10.0,9.0,52.0,44.0,50.0,42.0
348,AFC Bournemouth,Leicester,4-1,https://www.besoccer.com/match/afc-bournemouth/leicester-city-fc/20209384,2020,35,premier_league,20,38,4,1,1,71.0,83.0,0.0,0.0,0.0,0.0,7.0,7.0,20.0,17.0,8.0,9.0,4.0,6.0,7.0,7.0,4.0,6.0,28.0,59.0,19.0,4.0,32.0,59.0,64.0,32.0
349,Man. Utd,Southampton,2-2,https://www.besoccer.com/match/manchester-united-fc/southampton-fc/20209387,2020,35,premier_league,20,38,2,2,0,91.0,78.0,4.0,0.0,4.0,0.0,16.0,10.0,8.0,13.0,5.0,16.0,10.0,5.0,2.0,8.0,3.0,6.0,58.0,44.0,5.0,12.0,59.0,33.0,43.0,56.0
350,Chelsea,Norwich City,1-0,https://www.besoccer.com/match/chelsea-fc/norwich-city-fc/20209395,2020,36,premier_league,20,38,1,0,1,90.0,70.0,0.0,0.0,4.0,0.0,18.0,6.0,11.0,5.0,6.0,24.0,9.0,3.0,5.0,1.0,3.0,13.0,60.0,21.0,3.0,20.0,63.0,49.0,26.0,67.0
351,Burnley,Wolves,1-1,https://www.besoccer.com/match/burnley-fc/wolverhampton/20209394,2020,36,premier_league,20,38,1,1,0,72.0,76.0,0.0,1.0,0.0,0.0,14.0,8.0,13.0,14.0,13.0,8.0,8.0,3.0,6.0,7.0,6.0,4.0,50.0,55.0,9.0,6.0,39.0,47.0,48.0,37.0
352,Man. City,AFC Bournemouth,2-1,https://www.besoccer.com/match/manchester-city-fc/afc-bournemouth/20209399,2020,36,premier_league,20,38,2,1,1,96.0,71.0,2.0,1.0,5.0,0.0,23.0,3.0,9.0,8.0,7.0,20.0,13.0,2.0,2.0,3.0,1.0,13.0,72.0,31.0,2.0,18.0,91.0,34.0,36.0,60.0
353,Newcastle,Tottenham Hotspur,1-3,https://www.besoccer.com/match/newcastle-united-fc/tottenham-hotspur-fc/20209400,2020,36,premier_league,20,38,1,3,-1,73.0,88.0,0.0,1.0,0.0,0.0,11.0,10.0,14.0,14.0,10.0,11.0,6.0,8.0,3.0,3.0,7.0,7.0,43.0,52.0,13.0,8.0,36.0,52.0,54.0,45.0
354,Arsenal,Liverpool,2-1,https://www.besoccer.com/match/arsenal/liverpool/20209393,2020,36,premier_league,20,38,2,1,1,89.0,95.0,0.0,0.0,0.0,1.0,12.0,14.0,9.0,30.0,3.0,2.0,8.0,6.0,3.0,13.0,2.0,2.0,50.0,93.0,10.0,1.0,51.0,44.0,76.0,27.0
355,Everton,Aston Villa,1-1,https://www.besoccer.com/match/everton-fc/aston-villa-fc/20209397,2020,36,premier_league,20,38,1,1,0,78.0,70.0,0.0,1.0,0.0,0.0,12.0,9.0,14.0,8.0,6.0,21.0,8.0,6.0,3.0,2.0,3.0,12.0,45.0,30.0,11.0,19.0,41.0,52.0,38.0,65.0
356,Leicester,Sheffield United,2-0,https://www.besoccer.com/match/leicester-city-fc/sheffield-united/20209398,2020,36,premier_league,20,38,2,0,1,83.0,66.0,0.0,2.0,1.0,0.0,17.0,8.0,10.0,14.0,12.0,9.0,10.0,4.0,3.0,4.0,9.0,4.0,59.0,54.0,4.0,8.0,65.0,36.0,38.0,33.0
357,Crystal Palace,Man. Utd,0-2,https://www.besoccer.com/match/crystal-palace-fc/manchester-united-fc/20209396,2020,36,premier_league,20,38,0,2,-1,74.0,91.0,0.0,0.0,0.0,2.0,11.0,9.0,15.0,16.0,11.0,8.0,6.0,4.0,7.0,6.0,5.0,6.0,42.0,59.0,14.0,5.0,30.0,45.0,61.0,35.0
358,Southampton,Brighton & Hove Albion,1-1,https://www.besoccer.com/match/southampton-fc/brighton-amp-hov/20209401,2020,36,premier_league,20,38,1,1,0,78.0,69.0,0.0,0.0,1.0,1.0,13.0,6.0,16.0,8.0,12.0,15.0,5.0,2.0,10.0,3.0,6.0,8.0,45.0,36.0,12.0,15.0,45.0,58.0,36.0,52.0
359,West Ham,Watford,3-1,https://www.besoccer.com/match/west-ham-united/watford-fc/20209402,2020,36,premier_league,20,38,3,1,1,75.0,74.0,1.0,2.0,0.0,0.0,9.0,7.0,19.0,8.0,10.0,17.0,5.0,3.0,9.0,2.0,4.0,11.0,34.0,34.0,16.0,17.0,44.0,59.0,33.0,54.0
360,Norwich City,Burnley,0-2,https://www.besoccer.com/match/norwich-city-fc/burnley-fc/20209408,2020,37,premier_league,20,38,0,2,-1,70.0,72.0,0.0,0.0,0.0,0.0,5.0,6.0,25.0,14.0,9.0,13.0,4.0,3.0,11.0,6.0,5.0,7.0,21.0,51.0,20.0,10.0,26.0,68.0,40.0,48.0
361,AFC Bournemouth,Southampton,0-2,https://www.besoccer.com/match/afc-bournemouth/southampton-fc/20209404,2020,37,premier_league,20,38,0,2,-1,71.0,78.0,0.0,0.0,1.0,0.0,8.0,7.0,21.0,13.0,7.0,16.0,5.0,6.0,7.0,8.0,4.0,6.0,31.0,46.0,18.0,12.0,37.0,62.0,46.0,59.0
362,Tottenham Hotspur,Leicester,3-0,https://www.besoccer.com/match/tottenham-hotspur-fc/leicester-city-fc/20209410,2020,37,premier_league,20,38,3,0,1,88.0,83.0,2.0,1.0,3.0,0.0,15.0,10.0,11.0,18.0,8.0,10.0,11.0,3.0,4.0,7.0,4.0,7.0,55.0,62.0,7.0,4.0,57.0,46.0,67.0,36.0
363,Brighton & Hove Albion,Newcastle,0-0,https://www.besoccer.com/match/brighton-amp-hov/newcastle-united-fc/20209405,2020,37,premier_league,20,38,0,0,0,69.0,73.0,0.0,0.0,0.0,0.0,8.0,13.0,15.0,11.0,10.0,15.0,5.0,6.0,7.0,5.0,2.0,11.0,37.0,43.0,16.0,13.0,37.0,53.0,37.0,55.0
364,Sheffield United,Everton,0-1,https://www.besoccer.com/match/sheffield-united/everton-fc/20209409,2020,37,premier_league,20,38,0,1,-1,66.0,78.0,0.0,0.0,4.0,0.0,14.0,12.0,10.0,12.0,10.0,14.0,10.0,3.0,5.0,4.0,3.0,11.0,54.0,46.0,9.0,12.0,38.0,35.0,42.0,53.0
365,Wolves,Crystal Palace,2-0,https://www.besoccer.com/match/wolverhampton/crystal-palace-fc/20209412,2020,37,premier_league,20,38,2,0,1,76.0,74.0,0.0,0.0,1.0,0.0,14.0,14.0,8.0,11.0,9.0,16.0,7.0,7.0,4.0,5.0,5.0,8.0,56.0,42.0,7.0,14.0,49.0,38.0,30.0,47.0
366,Watford,Man. City,0-4,https://www.besoccer.com/match/watford-fc/manchester-city-fc/20209411,2020,37,premier_league,20,38,0,4,-1,74.0,96.0,0.0,3.0,2.0,1.0,8.0,10.0,18.0,24.0,3.0,9.0,6.0,6.0,6.0,10.0,1.0,7.0,34.0,75.0,17.0,2.0,34.0,57.0,93.0,35.0
367,Aston Villa,Arsenal,1-0,https://www.besoccer.com/match/aston-villa-fc/arsenal/20209403,2020,37,premier_league,20,38,1,0,1,70.0,89.0,0.0,1.0,1.0,0.0,8.0,7.0,21.0,13.0,14.0,9.0,6.0,3.0,9.0,4.0,8.0,6.0,31.0,53.0,19.0,10.0,39.0,66.0,53.0,45.0
368,Man. Utd,West Ham,1-1,https://www.besoccer.com/match/manchester-united-fc/west-ham-united/20209407,2020,37,premier_league,20,38,1,1,0,91.0,75.0,1.0,2.0,0.0,1.0,17.0,11.0,8.0,10.0,7.0,19.0,10.0,6.0,2.0,4.0,4.0,10.0,62.0,37.0,5.0,16.0,63.0,35.0,47.0,60.0
369,Liverpool,Chelsea,5-3,https://www.besoccer.com/match/liverpool/chelsea-fc/20209406,2020,37,premier_league,20,38,5,3,1,95.0,90.0,0.0,1.0,0.0,0.0,30.0,3.0,3.0,19.0,6.0,11.0,17.0,1.0,0.0,9.0,3.0,6.0,93.0,63.0,1.0,3.0,77.0,29.0,64.0,49.0
370,Arsenal,Watford,3-2,https://www.besoccer.com/match/arsenal/watford-fc/20209413,2020,38,premier_league,20,38,3,2,1,89.0,74.0,0.0,0.0,1.0,0.0,13.0,14.0,10.0,8.0,10.0,19.0,9.0,6.0,3.0,2.0,4.0,12.0,53.0,34.0,10.0,17.0,53.0,46.0,34.0,61.0
371,Burnley,Brighton & Hove Albion,1-2,https://www.besoccer.com/match/burnley-fc/brighton-amp-hov/20209414,2020,38,premier_league,20,38,1,2,-1,72.0,69.0,1.0,0.0,0.0,0.0,15.0,9.0,13.0,8.0,14.0,15.0,8.0,4.0,6.0,3.0,7.0,8.0,54.0,38.0,8.0,16.0,42.0,48.0,37.0,53.0
372,Chelsea,Wolves,2-0,https://www.besoccer.com/match/chelsea-fc/wolverhampton/20209415,2020,38,premier_league,20,38,2,0,1,90.0,76.0,0.0,1.0,5.0,0.0,19.0,6.0,12.0,15.0,14.0,8.0,10.0,3.0,5.0,7.0,7.0,4.0,63.0,59.0,4.0,6.0,67.0,54.0,51.0,38.0
373,Crystal Palace,Tottenham Hotspur,1-1,https://www.besoccer.com/match/crystal-palace-fc/tottenham-hotspur-fc/20209416,2020,38,premier_league,20,38,1,1,0,74.0,88.0,0.0,3.0,0.0,1.0,11.0,9.0,17.0,16.0,10.0,11.0,6.0,4.0,8.0,4.0,7.0,7.0,42.0,58.0,14.0,7.0,30.0,49.0,60.0,46.0
374,Everton,AFC Bournemouth,1-3,https://www.besoccer.com/match/everton-fc/afc-bournemouth/20209417,2020,38,premier_league,20,38,1,3,-1,78.0,71.0,1.0,0.0,0.0,0.0,13.0,10.0,14.0,8.0,7.0,22.0,8.0,7.0,3.0,3.0,1.0,14.0,49.0,31.0,11.0,19.0,43.0,53.0,37.0,64.0
375,Leicester,Man. Utd,0-2,https://www.besoccer.com/match/leicester-city-fc/manchester-united-fc/20209418,2020,38,premier_league,20,38,0,2,-1,83.0,91.0,0.0,0.0,2.0,3.0,18.0,8.0,11.0,17.0,12.0,8.0,11.0,4.0,3.0,7.0,5.0,6.0,62.0,63.0,5.0,4.0,67.0,39.0,64.0,36.0
376,Man. City,Norwich City,5-0,https://www.besoccer.com/match/manchester-city-fc/norwich-city-fc/20209419,2020,38,premier_league,20,38,5,0,1,96.0,70.0,4.0,0.0,6.0,0.0,25.0,3.0,9.0,5.0,6.0,26.0,14.0,2.0,2.0,1.0,3.0,14.0,78.0,21.0,2.0,20.0,97.0,35.0,26.0,70.0
377,Newcastle,Liverpool,1-3,https://www.besoccer.com/match/newcastle-united-fc/liverpool/20209420,2020,38,premier_league,20,38,1,3,-1,73.0,95.0,0.0,1.0,0.0,0.0,11.0,11.0,15.0,31.0,3.0,3.0,6.0,8.0,4.0,13.0,2.0,3.0,44.0,96.0,13.0,1.0,37.0,55.0,82.0,32.0
378,Southampton,Sheffield United,3-1,https://www.besoccer.com/match/southampton-fc/sheffield-united/20209421,2020,38,premier_league,20,38,3,1,1,78.0,66.0,1.0,0.0,0.0,0.0,14.0,7.0,16.0,14.0,12.0,11.0,5.0,3.0,10.0,4.0,9.0,5.0,49.0,54.0,12.0,10.0,48.0,59.0,38.0,36.0
379,West Ham,Aston Villa,1-1,https://www.besoccer.com/match/west-ham-united/aston-villa-fc/20209422,2020,38,premier_league,20,38,1,1,0,75.0,70.0,0.0,1.0,1.0,0.0,10.0,8.0,19.0,9.0,7.0,21.0,6.0,3.0,9.0,2.0,4.0,12.0,38.0,34.0,16.0,19.0,48.0,61.0,40.0,66.0
